Date,High,Low,Open,Close,Volume,Adj Close
2015-01-01,6400.0,6300.0,6385.0,6317.9501953125,3025.0,5869.205078125
2015-01-02,6366.5,6256.0498046875,6256.0498046875,6331.5,6843.0,5881.79248046875
2015-01-05,6370.0,6290.0,6370.0,6334.89990234375,10690.0,5884.94970703125
2015-01-06,6313.0498046875,6220.0,6296.0,6246.7998046875,13159.0,5803.107421875
2015-01-07,6308.9501953125,6247.5498046875,6265.0,6272.9501953125,35673.0,5827.4013671875
2015-01-08,6345.0,6275.0,6275.0,6300.4501953125,7524.0,5852.94775390625
2015-01-09,6479.9501953125,6273.5,6370.0,6386.35009765625,20492.0,5932.7451171875
2015-01-12,6520.0,6385.5,6420.0,6462.75,47557.0,6003.71923828125
2015-01-13,6741.0,6470.0,6470.0,6714.64990234375,55108.0,6237.7265625
2015-01-14,6930.0,6684.9501953125,6735.0,6781.85009765625,37403.0,6300.15576171875
2015-01-15,6940.0,6761.0498046875,6869.2001953125,6809.10009765625,59753.0,6325.46923828125
2015-01-16,7005.0,6740.0498046875,6762.0,6985.2001953125,49852.0,6489.0625
2015-01-19,7100.0,6984.5498046875,7005.0,7073.9501953125,35414.0,6571.5068359375
2015-01-20,7110.0,7000.0,7073.0,7074.5,28431.0,6572.0185546875
2015-01-21,7120.0,7038.10009765625,7087.75,7080.0,31104.0,6577.1279296875
2015-01-22,7170.0,7052.0,7075.0,7097.0498046875,54149.0,6592.966796875
2015-01-23,7290.0,7148.0,7148.0,7258.35009765625,45866.0,6742.810546875
2015-01-27,7430.0,7255.9501953125,7258.2998046875,7350.0498046875,45350.0,6827.9970703125
2015-01-28,7421.0,7215.0498046875,7345.0,7304.0498046875,23762.0,6785.263671875
2015-01-29,7364.89990234375,7148.0,7300.0,7214.4501953125,22040.0,6702.02880859375
2015-01-30,7220.0,7100.0,7220.0,7113.0498046875,30387.0,6607.82958984375
2015-02-02,7161.5498046875,6976.35009765625,7113.7998046875,7059.64990234375,24716.0,6558.22314453125
2015-02-03,7190.0,6950.0,7111.0,7078.5,18909.0,6575.7353515625
2015-02-04,7139.14990234375,6956.0,7078.0,6977.75,6588.0,6482.14013671875
2015-02-05,7050.0,6810.0,7050.0,6899.14990234375,17043.0,6409.12353515625
2015-02-06,6970.0,6850.0,6900.0,6884.5498046875,8881.0,6395.56005859375
2015-02-09,6930.0,6760.0498046875,6890.0,6835.39990234375,15551.0,6349.9013671875
2015-02-10,7018.0,6767.0,6900.0,6794.14990234375,15902.0,6311.58154296875
2015-02-11,7000.0,6805.0,6899.0,6881.0498046875,13708.0,6392.30810546875
2015-02-12,6970.0,6780.2998046875,6885.0,6824.60009765625,12887.0,6339.8681640625
2015-02-13,7097.7998046875,6830.0,6839.89990234375,7033.64990234375,28685.0,6534.0703125
2015-02-16,7272.0,7102.2998046875,7226.0,7147.35009765625,23895.0,6639.693359375
2015-02-18,7225.0,7060.0498046875,7150.0,7169.2998046875,32189.0,6660.08447265625
2015-02-19,7175.0,7013.7001953125,7175.0,7041.7001953125,11509.0,6541.54931640625
2015-02-20,7237.7001953125,7025.0,7051.0,7176.7001953125,134761.0,6666.95947265625
2015-02-23,7205.2001953125,6962.5,7205.2001953125,6999.4501953125,29209.0,6502.298828125
2015-02-24,7079.85009765625,6930.0,7001.89990234375,7009.75,58297.0,6511.86767578125
2015-02-25,7075.0,7010.0,7024.2001953125,7052.5,42946.0,6551.58154296875
2015-02-26,7099.7001953125,6950.0,7099.7001953125,7019.39990234375,25702.0,6520.83203125
2015-02-27,7058.89990234375,6999.5,7044.64990234375,7020.89990234375,65642.0,6522.22509765625
2015-03-02,7049.89990234375,6949.9501953125,7049.89990234375,6990.0498046875,26080.0,6493.56591796875
2015-03-03,7160.5,6932.2998046875,7040.0,7096.25,26243.0,6592.22412109375
2015-03-04,7319.0,7112.9501953125,7164.0,7299.75,45281.0,6781.27001953125
2015-03-05,7366.4501953125,7246.2998046875,7300.0,7295.9501953125,30384.0,6777.7392578125
2015-03-09,7425.0,7235.0,7297.0,7384.2998046875,21576.0,6859.81396484375
2015-03-10,7505.0,7349.4501953125,7386.89990234375,7397.14990234375,18258.0,6871.751953125
2015-03-11,7445.75,7253.0,7389.60009765625,7280.7001953125,19345.0,6763.57421875
2015-03-12,7379.89990234375,7300.10009765625,7300.10009765625,7328.89990234375,13701.0,6808.34912109375
2015-03-13,7357.7001953125,7254.0498046875,7355.35009765625,7299.0,21515.0,6780.5732421875
2015-03-16,7347.89990234375,7255.0,7347.89990234375,7276.7998046875,12723.0,6759.95068359375
2015-03-17,7400.0,7300.0,7300.0,7389.25,27094.0,6864.412109375
2015-03-18,7420.0,7366.0,7410.0,7408.39990234375,49611.0,6882.20263671875
2015-03-19,7420.0,7321.0,7420.0,7367.35009765625,27013.0,6844.0673828125
2015-03-20,7400.0,7225.0,7400.0,7264.10009765625,27446.0,6748.1513671875
2015-03-23,7284.39990234375,7090.0,7284.0,7133.89990234375,23625.0,6627.19970703125
2015-03-24,7190.0,6990.0,7185.0,7021.64990234375,26775.0,6522.92333984375
2015-03-25,7094.9501953125,6972.0,6972.0,7041.7998046875,27132.0,6541.64208984375
2015-03-26,7030.89990234375,6765.0,7020.0,6845.2001953125,42361.0,6359.00439453125
2015-03-27,6916.9501953125,6771.0,6898.0,6815.0498046875,26243.0,6330.99658203125
2015-03-30,6999.0,6840.0,6840.0,6944.0,45193.0,6450.787109375
2015-03-31,7132.0,6827.60009765625,6950.0,6947.35009765625,64200.0,6453.89990234375
2015-04-01,7059.9501953125,6870.0,7051.0,6923.14990234375,13749.0,6431.41845703125
2015-04-06,7150.0,6926.39990234375,6988.89990234375,7121.35009765625,24913.0,6615.541015625
2015-04-07,7174.9501953125,7064.14990234375,7121.39990234375,7157.4501953125,17718.0,6649.0771484375
2015-04-08,7168.14990234375,7010.0,7146.0,7046.2001953125,12695.0,6545.72802734375
2015-04-09,7112.0,7060.0,7060.0,7101.0,30467.0,6596.63623046875
2015-04-10,7139.7001953125,7065.0,7122.0,7098.5,44957.0,6594.31298828125
2015-04-13,7119.9501953125,7066.2001953125,7119.9501953125,7098.5498046875,29502.0,6594.36083984375
2015-04-15,7109.35009765625,7025.0,7101.0,7068.39990234375,23427.0,6566.35205078125
2015-04-16,7095.0,6990.0,7068.39990234375,7026.7998046875,26406.0,6527.7060546875
2015-04-17,7053.0,6990.0,7024.25,7000.85009765625,14346.0,6503.6005859375
2015-04-20,7010.0,6900.0,7001.0,6953.2001953125,15258.0,6459.333984375
2015-04-21,6999.7998046875,6865.0,6999.7998046875,6887.85009765625,11133.0,6398.62451171875
2015-04-22,6940.0,6825.2998046875,6887.0,6872.0498046875,17374.0,6383.9482421875
2015-04-23,6934.0,6866.0,6934.0,6908.7001953125,35827.0,6417.99462890625
2015-04-24,6950.0,6780.10009765625,6950.0,6849.75,10639.0,6363.232421875
2015-04-27,6868.0,6760.89990234375,6849.0,6848.10009765625,34239.0,6361.69873046875
2015-04-28,6849.89990234375,6795.4501953125,6840.0,6836.85009765625,25326.0,6351.248046875
2015-04-29,6879.9501953125,6525.0,6879.9501953125,6565.4501953125,41655.0,6099.12451171875
2015-04-30,6709.9501953125,6525.89990234375,6565.2001953125,6572.60009765625,42919.0,6105.767578125
2015-05-04,6810.0,6623.39990234375,6660.0,6801.4501953125,16941.0,6318.36328125
2015-05-05,6835.0,6772.0,6809.0,6807.39990234375,14582.0,6323.89208984375
2015-05-06,6820.0,6756.25,6809.39990234375,6802.75,17433.0,6319.5703125
2015-05-07,6850.0,6725.0,6850.0,6767.5498046875,28509.0,6286.86962890625
2015-05-08,6869.9501953125,6761.0,6761.0,6796.2998046875,22452.0,6313.57861328125
2015-05-11,6870.0,6763.2001953125,6856.89990234375,6806.2998046875,39358.0,6322.86865234375
2015-05-12,6845.0,6680.0,6812.2001953125,6704.4501953125,38069.0,6228.2529296875
2015-05-13,6810.64990234375,6650.0,6705.2998046875,6701.5,34511.0,6225.51220703125
2015-05-14,6919.7001953125,6705.0,6705.0,6854.5,20242.0,6367.64404296875
2015-05-15,7050.0,6860.14990234375,6875.0,7031.2998046875,23138.0,6531.88720703125
2015-05-18,7349.0,6941.0,7100.10009765625,7077.35009765625,37666.0,6574.6669921875
2015-05-19,7157.9501953125,6902.5,7100.0,7028.7001953125,26114.0,6554.0126953125
2015-05-20,7116.2998046875,6855.0,7068.7001953125,6961.60009765625,30255.0,6491.44580078125
2015-05-21,6999.0,6830.0,6874.89990234375,6948.89990234375,30907.0,6479.60107421875
2015-05-22,7119.5,6928.0498046875,6950.0,6995.89990234375,42396.0,6523.427734375
2015-05-25,7013.89990234375,6905.0,6926.0,6936.60009765625,12915.0,6468.1318359375
2015-05-26,6993.0,6535.10009765625,6960.0,6805.35009765625,62840.0,6345.7470703125
2015-05-27,7135.0,6776.0,6805.35009765625,7062.5,61700.0,6585.52880859375
2015-05-28,7210.0,6955.5,7090.0,7057.64990234375,34215.0,6581.0068359375
2015-05-29,7057.64990234375,6564.7998046875,6992.0,6751.5498046875,108338.0,6295.5791015625
2015-06-01,6733.0,6530.9501953125,6700.0,6670.2001953125,68323.0,6219.7236328125
2015-06-02,6999.89990234375,6755.14990234375,6772.0,6803.25,75154.0,6343.7880859375
2015-06-03,6533.0,5980.0,6500.0,6186.9501953125,390444.0,5769.1103515625
2015-06-04,6050.0,5800.5498046875,5880.0,6004.4501953125,430477.0,5598.935546875
2015-06-05,6125.0,5711.0,5830.0,6011.60009765625,756189.0,5605.60205078125
2015-06-08,5850.0,5501.0,5850.0,5569.0,344869.0,5192.89404296875
2015-06-09,6120.0,5525.0,5590.35009765625,5964.35009765625,568881.0,5561.54443359375
2015-06-10,6240.0,6021.25,6049.89990234375,6060.35009765625,247150.0,5651.06005859375
2015-06-11,6306.0,5975.75,6158.89990234375,6164.7001953125,302802.0,5748.36279296875
2015-06-12,6184.5,5925.35009765625,6184.5,6087.2001953125,104699.0,5676.09814453125
2015-06-15,6050.0,5892.39990234375,6048.0,5955.0498046875,73067.0,5552.87255859375
2015-06-16,5899.0,5755.0,5899.0,5784.64990234375,87482.0,5393.98046875
2015-06-17,5900.0,5651.0,5745.0,5838.89990234375,140517.0,5444.56494140625
2015-06-18,6128.0,5850.0,5864.0,6081.64990234375,118969.0,5670.92138671875
2015-06-19,6325.0,6010.0,6010.0,6281.0,145841.0,5856.8095703125
2015-06-22,6411.14990234375,6215.0,6276.0,6296.60009765625,78944.0,5871.3544921875
2015-06-23,6290.0,6100.10009765625,6290.0,6127.85009765625,54383.0,5714.00146484375
2015-06-24,6163.14990234375,5981.10009765625,6150.0,6004.10009765625,55028.0,5598.60986328125
2015-06-25,6049.0,5810.25,6005.0,5836.4501953125,136513.0,5442.28173828125
2015-06-26,5970.0,5870.0,5922.0,5958.14990234375,75863.0,5555.76220703125
2015-06-29,6087.5,5825.5,5825.5,6071.0498046875,82096.0,5661.0380859375
2015-06-30,6392.0,6022.0,6022.0,6352.2001953125,252693.0,5923.201171875
2015-07-01,6494.0,6116.0,6400.0,6144.4501953125,168999.0,5729.48095703125
2015-07-02,6375.0,6215.0,6259.9501953125,6241.60009765625,111329.0,5820.06982421875
2015-07-03,6344.9501953125,6151.0,6314.9501953125,6165.2001953125,89765.0,5748.82861328125
2015-07-06,6199.9501953125,6075.0,6199.9501953125,6120.2998046875,38621.0,5706.96142578125
2015-07-07,6190.0,6060.0,6190.0,6084.85009765625,63527.0,5673.90625
2015-07-08,6060.2001953125,5960.10009765625,6060.0,5995.89990234375,109001.0,5590.962890625
2015-07-09,6099.0,6001.0,6075.0,6029.9501953125,70819.0,5622.71337890625
2015-07-10,6070.0,5926.0498046875,6060.0,5963.39990234375,92072.0,5560.65771484375
2015-07-13,6020.0,5895.0,6020.0,5955.5,65745.0,5553.2919921875
2015-07-14,5994.0,5935.25,5989.89990234375,5953.10009765625,40738.0,5551.0546875
2015-07-15,5995.60009765625,5920.0,5920.0,5967.89990234375,101401.0,5564.85400390625
2015-07-16,6045.5,5975.0498046875,5989.9501953125,6025.5,35537.0,5618.564453125
2015-07-17,6125.0,6019.9501953125,6020.0,6078.60009765625,52852.0,5668.078125
2015-07-20,6131.7998046875,6057.7001953125,6104.9501953125,6071.0498046875,19953.0,5661.0380859375
2015-07-21,6107.85009765625,6050.0,6099.9501953125,6068.5,22646.0,5658.6591796875
2015-07-22,6048.0,5974.0,6048.0,5990.60009765625,26233.0,5586.021484375
2015-07-23,6069.89990234375,5999.39990234375,6000.0,6060.39990234375,31337.0,5651.10595703125
2015-07-24,6124.4501953125,6000.0,6052.0,6033.89990234375,30532.0,5626.39697265625
2015-07-27,6306.85009765625,6033.0,6100.0,6261.39990234375,113239.0,5838.5322265625
2015-07-28,6300.0,6169.0,6265.0,6192.4501953125,53887.0,5774.23974609375
2015-07-29,6254.60009765625,6082.39990234375,6200.0,6152.64990234375,73126.0,5737.126953125
2015-07-30,6390.0,5980.4501953125,6032.0498046875,6331.2001953125,176979.0,5903.61962890625
2015-07-31,6390.0,6210.0,6210.0,6357.39990234375,111955.0,5928.048828125
2015-08-03,6500.0,6220.0498046875,6385.0,6326.25,108792.0,5899.00341796875
2015-08-04,6383.60009765625,6320.2001953125,6349.89990234375,6350.64990234375,105771.0,5921.75439453125
2015-08-05,6998.0,6590.2001953125,6800.0,6838.35009765625,364555.0,6376.51708984375
2015-08-06,6596.0,6450.0,6533.7001953125,6486.10009765625,173295.0,6048.05615234375
2015-08-07,6560.0,6525.5498046875,6548.0,6548.60009765625,69339.0,6106.3359375
2015-08-10,6567.2998046875,6347.0498046875,6550.0,6388.39990234375,62031.0,5956.955078125
2015-08-11,6463.9501953125,6300.0,6460.35009765625,6317.35009765625,51237.0,5890.7041015625
2015-08-12,6350.0,6007.0498046875,6225.0,6234.2998046875,114437.0,5813.26171875
2015-08-13,6533.0,6234.0,6300.0,6317.25,506085.0,5890.611328125
2015-08-14,6398.0,6251.10009765625,6398.0,6268.7998046875,63854.0,5845.43212890625
2015-08-17,6279.9501953125,6130.0,6268.7998046875,6135.39990234375,45417.0,5721.0419921875
2015-08-18,6207.0,6140.0,6201.0,6164.7001953125,63390.0,5748.36279296875
2015-08-19,6200.0,6081.25,6200.0,6098.7001953125,59166.0,5686.8193359375
2015-08-20,6180.0,6085.75,6124.9501953125,6150.89990234375,65541.0,5735.49560546875
2015-08-21,6195.0,6060.0,6075.0,6090.75,36949.0,5679.40771484375
2015-08-24,6208.75,5995.0,6078.0,6036.0,78584.0,5628.3544921875
2015-08-25,6220.7998046875,6029.0,6094.9501953125,6163.39990234375,50568.0,5747.14990234375
2015-08-26,6199.85009765625,6050.0,6169.9501953125,6064.2001953125,56983.0,5654.650390625
2015-08-27,6175.0,6030.0,6165.0,6057.0,35980.0,5647.93603515625
2015-08-28,6140.0,6040.0,6100.0,6104.64990234375,43170.0,5692.3681640625
2015-08-31,6104.9501953125,5950.0,6099.9501953125,5965.39990234375,69408.0,5562.5234375
2015-09-01,6028.4501953125,5910.0,5935.0,6003.60009765625,34852.0,5598.14306640625
2015-09-02,6067.2001953125,5903.5498046875,6041.0,5930.0,40575.0,5529.513671875
2015-09-03,6074.7001953125,5850.0,6029.5,6035.4501953125,51799.0,5627.84228515625
2015-09-04,6064.9501953125,5960.39990234375,6050.0,5995.60009765625,19538.0,5590.68310546875
2015-09-07,6030.0,5960.0,6003.0,6001.35009765625,31004.0,5596.04541015625
2015-09-08,6004.10009765625,5880.0,5981.0,5902.2001953125,37289.0,5503.591796875
2015-09-09,5995.0,5931.0498046875,5939.9501953125,5986.60009765625,26234.0,5582.291015625
2015-09-10,6014.9501953125,5969.9501953125,6000.0,6005.10009765625,22946.0,5599.54150390625
2015-09-11,6060.0,5961.2001953125,6001.0,6001.25,14192.0,5595.9521484375
2015-09-14,6069.0,6000.0,6020.0,6056.5,18457.0,5647.47021484375
2015-09-15,6090.0,6000.0,6039.9501953125,6022.0,21365.0,5615.30126953125
2015-09-16,6138.0,6003.85009765625,6087.0,6096.35009765625,52025.0,5684.62939453125
2015-09-18,6260.0,6096.35009765625,6096.35009765625,6236.7001953125,64894.0,5815.50048828125
2015-09-21,6255.0,6170.0,6255.0,6176.7998046875,9914.0,5759.64501953125
2015-09-22,6300.0,6125.0,6220.0,6148.4501953125,25332.0,5733.2119140625
2015-09-23,6350.35009765625,6060.0,6178.89990234375,6219.7998046875,31449.0,5799.7421875
2015-09-24,6288.0,6152.35009765625,6288.0,6212.0498046875,26846.0,5792.515625
2015-09-28,6278.0,6153.0,6245.0,6219.2998046875,27813.0,5799.27587890625
2015-09-29,6250.0,6111.0,6188.0,6179.60009765625,24187.0,5762.2578125
2015-09-30,6398.0,6213.39990234375,6250.0,6367.64990234375,54871.0,5937.607421875
2015-10-01,6434.0,6323.14990234375,6364.0,6422.5,30309.0,5988.75244140625
2015-10-05,6482.0,6426.0,6450.0,6478.60009765625,29433.0,6041.06396484375
2015-10-06,6519.0,6425.0,6480.0,6495.25,23236.0,6056.58837890625
2015-10-07,6490.0,6314.7001953125,6490.0,6337.5498046875,36934.0,5909.54052734375
2015-10-08,6419.0,6340.35009765625,6392.0,6367.4501953125,8972.0,5937.42041015625
2015-10-09,6449.0,6352.5498046875,6367.0,6416.5498046875,14875.0,5983.20458984375
2015-10-12,6430.0498046875,6230.0,6417.0,6256.10009765625,24060.0,5833.5908203125
2015-10-13,6317.60009765625,6105.14990234375,6267.0,6151.9501953125,46265.0,5736.474609375
2015-10-14,6248.0,6111.0,6199.0,6210.64990234375,15619.0,5791.20849609375
2015-10-15,6258.9501953125,6150.5,6195.0,6206.5,24109.0,5787.34033203125
2015-10-16,6669.9501953125,6170.0,6250.0,6555.0,317373.0,6112.3046875
2015-10-19,6614.39990234375,6452.25,6598.0,6493.0,71912.0,6054.4912109375
2015-10-20,6648.5,6510.5,6598.39990234375,6536.5,73153.0,6095.052734375
2015-10-21,6629.0,6440.10009765625,6545.0,6463.2998046875,59955.0,6026.79638671875
2015-10-23,6550.0,6311.2001953125,6550.0,6328.64990234375,39067.0,5901.24072265625
2015-10-26,6420.0,6280.0,6358.0,6316.2998046875,33416.0,5889.72412109375
2015-10-27,6410.0,6345.0,6399.0,6354.5,33326.0,5925.34423828125
2015-10-28,6380.0498046875,6300.0,6370.0,6337.39990234375,29844.0,5909.39892578125
2015-10-29,6370.0,6251.9501953125,6337.5,6290.5,47775.0,5865.66796875
2015-10-30,6262.0,6150.0,6230.0,6173.89990234375,51020.0,5756.9423828125
2015-11-02,6319.0,6150.0,6160.0,6276.0498046875,29690.0,5852.19140625
2015-11-03,6320.0,6205.14990234375,6299.0,6217.75,28500.0,5797.830078125
2015-11-04,6474.0,6219.75,6250.0,6251.14990234375,157371.0,5828.974609375
2015-11-05,6299.0,6150.0,6260.0,6165.64990234375,38309.0,5749.2490234375
2015-11-06,6234.9501953125,6151.0,6199.0,6168.9501953125,16050.0,5752.326171875
2015-11-09,6199.9501953125,6099.0,6125.0,6111.39990234375,51683.0,5698.6630859375
2015-11-10,6190.0,6050.0,6190.0,6072.2998046875,32828.0,5662.20361328125
2015-11-13,6186.0,6014.0,6154.7998046875,6034.2001953125,115791.0,5626.6767578125
2015-11-16,6070.0,5962.5,6050.0,5986.4501953125,110197.0,5582.1513671875
2015-11-17,6137.85009765625,5951.0,6005.0,6084.60009765625,67571.0,5673.67236328125
2015-11-18,6134.89990234375,6068.0,6105.0,6082.2998046875,27800.0,5671.52783203125
2015-11-19,6323.0,6085.0498046875,6109.0,6280.14990234375,61148.0,5856.0166015625
2015-11-20,6279.0,6180.0,6268.0,6196.25,19934.0,5777.78125
2015-11-23,6226.0,6110.0,6199.0,6141.60009765625,28203.0,5726.82421875
2015-11-24,6162.5,6050.0,6162.5,6056.35009765625,33023.0,5647.33056640625
2015-11-26,6140.0,6006.0,6073.89990234375,6023.5498046875,72189.0,5616.74462890625
2015-11-27,6043.25,5905.5498046875,6021.0,5949.0,113708.0,5547.23095703125
2015-11-30,5964.14990234375,5850.0,5900.0,5860.0498046875,142381.0,5464.287109375
2015-12-01,5950.0,5858.89990234375,5858.89990234375,5879.14990234375,50000.0,5482.09814453125
2015-12-02,5920.0,5834.89990234375,5885.2001953125,5868.10009765625,59827.0,5471.79345703125
2015-12-03,5860.0,5820.0,5860.0,5835.89990234375,66220.0,5441.77001953125
2015-12-04,5907.0,5805.14990234375,5836.0,5857.0498046875,41218.0,5461.48974609375
2015-12-07,5910.0,5819.7998046875,5898.0,5893.60009765625,17595.0,5495.57177734375
2015-12-08,5899.7001953125,5820.0,5893.0,5825.35009765625,50408.0,5431.93212890625
2015-12-09,5849.0,5752.5498046875,5827.10009765625,5759.7001953125,120058.0,5370.71533203125
2015-12-10,5820.0,5750.0,5760.0,5770.64990234375,28579.0,5380.92529296875
2015-12-11,5930.0,5765.0,5770.64990234375,5908.25,53452.0,5524.54931640625
2015-12-14,5909.89990234375,5782.4501953125,5909.89990234375,5879.75,27743.0,5497.90087890625
2015-12-15,5910.0,5813.0498046875,5907.0,5838.60009765625,34519.0,5459.42333984375
2015-12-16,5915.0,5821.0,5889.0,5828.39990234375,31415.0,5449.88671875
2015-12-17,5919.9501953125,5820.7998046875,5832.0,5883.35009765625,27911.0,5501.26806640625
2015-12-18,5897.0,5630.0,5897.0,5673.0,61457.0,5304.57861328125
2015-12-21,5732.0,5665.2001953125,5715.0,5674.35009765625,28016.0,5305.83984375
2015-12-22,5749.0,5680.0,5704.89990234375,5730.0,19130.0,5357.87548828125
2015-12-23,5794.0,5730.0,5765.0,5778.0,12253.0,5402.759765625
2015-12-24,5798.0,5725.0,5775.0,5775.89990234375,14043.0,5400.79541015625
2015-12-28,5850.64990234375,5750.0,5776.0,5804.64990234375,22286.0,5427.67822265625
2015-12-29,5855.0,5795.0498046875,5829.0,5839.2001953125,14160.0,5459.9853515625
2015-12-30,5860.0,5790.10009765625,5850.0,5839.85009765625,19255.0,5460.5927734375
2015-12-31,5870.0498046875,5803.5,5862.64990234375,5828.0,19210.0,5449.51123046875
2016-01-01,5850.0,5775.0,5820.0498046875,5785.14990234375,12085.0,5409.4453125
2016-01-04,5827.0,5652.0,5814.0,5669.7998046875,35426.0,5301.5859375
2016-01-05,5739.0,5650.0,5739.0,5662.39990234375,27112.0,5294.66552734375
2016-01-06,5729.5498046875,5655.0,5666.10009765625,5719.5,55372.0,5348.05810546875
2016-01-07,5729.9501953125,5621.39990234375,5729.9501953125,5638.9501953125,22220.0,5272.73828125
2016-01-08,5691.0,5615.0,5690.0,5632.5498046875,44465.0,5266.7548828125
2016-01-11,5625.0,5435.5498046875,5625.0,5469.25,50060.0,5114.06005859375
2016-01-12,5515.0,5408.14990234375,5515.0,5439.85009765625,56465.0,5086.56982421875
2016-01-13,5530.0,5400.39990234375,5465.0,5501.14990234375,61874.0,5143.88818359375
2016-01-14,5630.2001953125,5432.0,5460.0,5616.14990234375,34830.0,5251.419921875
2016-01-15,5630.0,5572.0498046875,5600.0,5597.7001953125,27017.0,5234.16845703125
2016-01-18,5600.0,5400.0,5597.7001953125,5436.0,21414.0,5082.97021484375
2016-01-19,5494.0,5390.0,5444.9501953125,5428.7998046875,21347.0,5076.23681640625
2016-01-20,5525.0,5375.0,5417.7998046875,5485.60009765625,14685.0,5129.34912109375
2016-01-21,5492.0,5404.60009765625,5460.0,5429.85009765625,79144.0,5077.21875
2016-01-22,5512.39990234375,5431.64990234375,5490.0,5447.60009765625,24884.0,5093.81640625
2016-01-25,5512.0,5448.0,5460.0,5461.35009765625,26417.0,5106.67333984375
2016-01-27,5494.5498046875,5451.10009765625,5494.5498046875,5487.7001953125,59544.0,5131.3125
2016-01-28,5490.0,5450.0,5480.0,5468.9501953125,40287.0,5113.78076171875
2016-01-29,5500.0,5469.0,5488.9501953125,5488.0,50118.0,5131.591796875
2016-02-01,5575.0,5420.85009765625,5575.0,5448.9501953125,19318.0,5095.078125
2016-02-02,5503.89990234375,5420.0,5480.0,5457.35009765625,41682.0,5102.9326171875
2016-02-03,5457.35009765625,5400.0,5457.35009765625,5408.35009765625,31939.0,5057.1162109375
2016-02-04,5492.9501953125,5425.0,5425.0,5485.2998046875,19439.0,5129.06689453125
2016-02-05,5550.0,5385.0,5470.0,5421.5,30883.0,5069.4111328125
2016-02-08,5490.0,5401.9501953125,5469.9501953125,5413.0,21474.0,5061.46240234375
2016-02-09,5459.85009765625,5391.25,5444.0,5419.25,24994.0,5067.30712890625
2016-02-10,5449.0,5279.39990234375,5439.0,5297.60009765625,46842.0,4953.55810546875
2016-02-11,5323.9501953125,5190.0,5323.9501953125,5217.0498046875,58313.0,4878.23876953125
2016-02-12,5268.64990234375,5001.0498046875,5230.0,5056.0498046875,37439.0,4727.69384765625
2016-02-15,5149.0,5019.9501953125,5058.0,5057.75,66272.0,4729.283203125
2016-02-16,5115.0,5030.0,5115.0,5049.7998046875,49811.0,4721.85009765625
2016-02-17,5100.0,5034.0,5090.0,5072.7001953125,72280.0,4743.263671875
2016-02-18,5205.0,5060.0,5095.0,5182.85009765625,26633.0,4846.2607421875
2016-02-19,5240.0,5175.10009765625,5206.9501953125,5209.7001953125,12939.0,4871.365234375
2016-02-22,5298.0,5162.14990234375,5208.0,5279.35009765625,85293.0,4936.49267578125
2016-02-23,5309.9501953125,5180.0,5309.9501953125,5192.25,21387.0,4855.04931640625
2016-02-24,5204.89990234375,5135.0,5185.0,5199.39990234375,11843.0,4861.73486328125
2016-02-25,5200.0,5090.9501953125,5199.39990234375,5142.89990234375,31388.0,4808.904296875
2016-02-26,5190.0,5101.0,5190.0,5111.2001953125,36011.0,4779.26318359375
2016-02-29,5144.89990234375,4981.0,5144.89990234375,5008.0,52942.0,4682.765625
2016-03-01,5117.25,5000.5498046875,5050.0,5052.25,41530.0,4724.142578125
2016-03-02,5105.0,5045.0,5080.0,5078.2001953125,29138.0,4748.40625
2016-03-03,5243.0,5080.0,5110.0,5217.75,33110.0,4878.89208984375
2016-03-04,5325.0498046875,5166.0,5218.0,5285.25,26291.0,4942.01025390625
2016-03-08,5429.0,5276.10009765625,5300.0,5320.7998046875,53547.0,4975.25
2016-03-09,5307.4501953125,5182.0,5275.2998046875,5209.7998046875,47123.0,4871.45947265625
2016-03-10,5241.64990234375,5106.35009765625,5223.0,5177.7998046875,63711.0,4841.53662109375
2016-03-11,5249.89990234375,5100.0,5189.9501953125,5163.14990234375,35312.0,4827.83935546875
2016-03-14,5173.0,5090.0,5173.0,5103.10009765625,61213.0,4771.68798828125
2016-03-15,5117.39990234375,5040.7998046875,5117.39990234375,5053.75,99413.0,4725.54345703125
2016-03-16,5059.9501953125,5005.0,5054.89990234375,5011.75,91850.0,4686.27099609375
2016-03-17,5114.7001953125,5030.0498046875,5040.0,5096.85009765625,34979.0,4765.8447265625
2016-03-18,5260.0,5043.0,5097.2998046875,5186.25,51696.0,4849.43896484375
2016-03-21,5250.0,5200.0,5200.0,5231.5498046875,52834.0,4891.79736328125
2016-03-22,5349.0,5155.0,5250.0,5260.35009765625,46192.0,4918.72802734375
2016-03-23,5340.0,5210.0,5311.10009765625,5253.14990234375,107792.0,4911.99462890625
2016-03-28,5375.0,5282.5498046875,5299.0,5353.5,69661.0,5005.82666015625
2016-03-29,5390.0,5310.0,5340.0,5335.89990234375,15640.0,4989.37060546875
2016-03-30,5501.64990234375,5354.7998046875,5354.7998046875,5479.7998046875,47816.0,5123.92431640625
2016-03-31,5849.0,5400.0,5445.0498046875,5757.35009765625,72171.0,5383.45068359375
2016-04-01,5749.0,5558.0498046875,5690.0,5638.2001953125,37393.0,5272.03857421875
2016-04-04,5724.9501953125,5607.0,5630.0,5683.5498046875,21694.0,5314.4423828125
2016-04-05,5777.0,5632.0,5632.0,5738.9501953125,31231.0,5366.2451171875
2016-04-06,5749.0498046875,5704.0,5738.0,5724.14990234375,30696.0,5352.40673828125
2016-04-07,5950.0498046875,5748.0,5799.4501953125,5888.5498046875,39466.0,5506.12890625
2016-04-08,6006.0,5851.0,5924.9501953125,5975.64990234375,22133.0,5587.5732421875
2016-04-11,6008.9501953125,5855.39990234375,5980.0,5870.75,25180.0,5489.48486328125
2016-04-12,6185.0498046875,6050.5498046875,6099.0,6147.7998046875,62801.0,5748.54248046875
2016-04-13,6175.0,6021.10009765625,6157.0,6116.5,32898.0,5719.2744140625
2016-04-18,6246.75,6057.0,6120.0,6134.60009765625,47449.0,5736.19970703125
2016-04-20,6196.0,6002.0,6180.0,6036.0,43665.0,5644.0029296875
2016-04-21,6050.0,5947.0,6036.0,5966.85009765625,75844.0,5579.3447265625
2016-04-22,6039.60009765625,5960.0,5960.0,5969.75,15566.0,5582.0556640625
2016-04-25,6025.14990234375,5850.0,5970.0,5881.64990234375,60089.0,5499.67724609375
2016-04-26,5899.89990234375,5805.0,5894.60009765625,5830.64990234375,70732.0,5451.9892578125
2016-04-27,5965.0498046875,5802.60009765625,5830.64990234375,5885.85009765625,18309.0,5503.6044921875
2016-04-28,5954.89990234375,5755.0,5878.0,5908.0498046875,39851.0,5524.3623046875
2016-04-29,5930.0,5703.0498046875,5930.0,5725.4501953125,34469.0,5353.62255859375
2016-05-02,5800.0,5712.35009765625,5739.9501953125,5754.25,20305.0,5380.55029296875
2016-05-03,5794.0,5575.0,5769.9501953125,5591.60009765625,34263.0,5228.46484375
2016-05-04,5649.39990234375,5512.2998046875,5592.10009765625,5542.25,23847.0,5182.31884765625
2016-05-05,5569.9501953125,5500.10009765625,5551.0,5540.85009765625,24819.0,5181.009765625
2016-05-06,5640.0,5531.2001953125,5545.0,5610.89990234375,51851.0,5246.5107421875
2016-05-09,5684.0,5482.0498046875,5610.89990234375,5509.5498046875,35654.0,5151.74267578125
2016-05-10,5560.60009765625,5505.85009765625,5521.35009765625,5520.39990234375,59945.0,5161.8876953125
2016-05-11,5616.0498046875,5496.2001953125,5520.0,5601.64990234375,17803.0,5237.861328125
2016-05-12,5731.0,5613.0498046875,5624.0,5710.2998046875,25891.0,5339.455078125
2016-05-13,6160.0,5691.0,5695.0498046875,6121.64990234375,196377.0,5742.69580078125
2016-05-16,6348.0,6004.0,6100.0,6284.4501953125,79610.0,5913.2890625
2016-05-17,6285.0,6152.0,6280.0,6219.60009765625,74498.0,5852.2685546875
2016-05-18,6234.89990234375,6122.64990234375,6160.39990234375,6200.14990234375,19838.0,5862.716796875
2016-05-19,6200.0,6060.0,6190.10009765625,6092.0,17051.0,5760.4541015625
2016-05-20,6170.0498046875,5885.9501953125,6099.0,6005.7001953125,40528.0,5678.85009765625
2016-05-23,6048.7998046875,5933.0,6003.0,5966.5498046875,17554.0,5641.83056640625
2016-05-24,6084.85009765625,5954.10009765625,5997.85009765625,6003.89990234375,59051.0,5677.146484375
2016-05-25,6169.10009765625,6006.0498046875,6009.9501953125,6145.85009765625,28959.0,5811.3720703125
2016-05-26,6197.0,5800.0,5800.0,6142.0,33253.0,5807.7333984375
2016-05-27,6240.0,6120.0498046875,6135.0,6173.9501953125,32211.0,5837.94384765625
2016-05-30,6359.0,6174.0,6180.0,6307.9501953125,34258.0,5964.6494140625
2016-05-31,6354.85009765625,6002.0,6280.0,6097.35009765625,75860.0,5765.51171875
2016-06-01,6449.0,6109.0498046875,6116.0,6390.7998046875,63791.0,6042.9912109375
2016-06-02,6390.10009765625,6256.0,6348.89990234375,6302.0498046875,72774.0,5959.0712890625
2016-06-03,6375.0,6265.0,6375.0,6305.2001953125,35337.0,5962.05126953125
2016-06-06,6705.0,6156.14990234375,6275.2998046875,6479.39990234375,75989.0,6126.77001953125
2016-06-07,6699.0,6374.10009765625,6520.0,6450.25,64157.0,6099.2060546875
2016-06-08,6541.64990234375,6381.10009765625,6473.89990234375,6480.89990234375,26412.0,6128.1875
2016-06-09,6545.0,6400.0,6476.0,6431.0498046875,16224.0,6081.0498046875
2016-06-10,6600.0,6433.0,6453.2998046875,6544.14990234375,27431.0,6187.99560546875
2016-06-13,6589.0,6454.35009765625,6475.0,6538.0,28530.0,6182.1806640625
2016-06-14,6599.0,6525.0,6525.0,6589.0498046875,17846.0,6230.45166015625
2016-06-15,6591.89990234375,6456.14990234375,6570.0,6492.10009765625,31345.0,6138.77783203125
2016-06-16,6555.0,6470.0,6492.0,6490.75,33083.0,6137.50146484375
2016-06-17,6550.0,6438.0498046875,6500.0,6464.2001953125,22197.0,6112.3974609375
2016-06-20,6599.0,6443.10009765625,6444.0,6548.14990234375,29420.0,6191.77783203125
2016-06-21,6599.4501953125,6482.2998046875,6562.0,6537.39990234375,18216.0,6181.6123046875
2016-06-22,6555.0,6450.0,6540.0,6489.5498046875,20002.0,6136.3671875
2016-06-23,6533.0,6401.0,6513.0,6431.75,26171.0,6081.712890625
2016-06-24,6526.60009765625,6200.0,6306.25,6496.5,21109.0,6142.93896484375
2016-06-27,6534.5,6400.0,6400.0,6447.7998046875,17117.0,6096.8896484375
2016-06-28,6505.9501953125,6449.0,6449.0,6493.7998046875,41820.0,6140.384765625
2016-06-29,6500.0,6422.35009765625,6484.0,6444.5498046875,12424.0,6093.81591796875
2016-06-30,6545.0,6444.39990234375,6444.39990234375,6492.35009765625,125414.0,6139.01513671875
2016-07-01,6540.0,6456.14990234375,6514.89990234375,6509.7001953125,22119.0,6155.42041015625
2016-07-04,6560.0,6496.5,6499.0,6528.0,15027.0,6172.724609375
2016-07-05,6549.7001953125,6502.0,6502.0,6532.89990234375,20359.0,6177.35791015625
2016-07-07,6550.0,6480.0,6510.0,6511.2998046875,11999.0,6156.93310546875
2016-07-08,6539.75,6390.0,6510.0,6412.14990234375,37875.0,6063.1787109375
2016-07-11,6506.0498046875,6416.7998046875,6449.5,6487.2001953125,43840.0,6134.14453125
2016-07-12,6498.0,6421.0,6487.0,6427.25,32864.0,6077.45751953125
2016-07-13,6592.7998046875,6454.0,6454.9501953125,6581.2001953125,83086.0,6223.029296875
2016-07-14,6590.0,6530.0,6575.0498046875,6567.0,23764.0,6209.60205078125
2016-07-15,6666.60009765625,6560.9501953125,6575.0,6632.9501953125,44875.0,6271.96240234375
2016-07-18,6664.89990234375,6560.0,6633.0,6618.64990234375,39417.0,6258.44189453125
2016-07-19,6690.0498046875,6571.0,6611.14990234375,6642.7001953125,45611.0,6281.18310546875
2016-07-20,6695.0,6625.0,6625.0,6674.2998046875,37115.0,6311.06298828125
2016-07-21,6899.7001953125,6674.0,6674.0,6867.7001953125,33795.0,6493.9365234375
2016-07-22,7134.0,6877.0498046875,6877.0498046875,7078.35009765625,71345.0,6693.123046875
2016-07-25,7169.9501953125,6991.0,7070.0,7126.5,30950.0,6738.6513671875
2016-07-26,7209.89990234375,7065.0,7119.89990234375,7164.14990234375,24699.0,6774.2529296875
2016-07-27,7160.2001953125,7044.0498046875,7141.0,7076.35009765625,27120.0,6691.2314453125
2016-07-28,7300.0,7082.25,7099.9501953125,7237.2998046875,58771.0,6843.421875
2016-07-29,7369.0,7011.14990234375,7264.0,7188.35009765625,58090.0,6797.13671875
2016-08-01,7215.14990234375,6875.85009765625,7172.0,6951.9501953125,76085.0,6573.60205078125
2016-08-02,7059.89990234375,6810.0,6955.0,6833.5,33594.0,6461.59765625
2016-08-03,6979.0,6742.0,6828.0,6776.64990234375,20610.0,6407.841796875
2016-08-04,6890.2998046875,6750.0,6790.0,6805.2001953125,16549.0,6434.83837890625
2016-08-05,6892.0,6820.0,6840.0,6838.0498046875,21689.0,6477.322265625
2016-08-08,6905.0,6780.0,6891.0,6854.89990234375,27211.0,6493.283203125
2016-08-09,6915.0,6800.0,6866.0,6892.2998046875,17856.0,6528.70947265625
2016-08-10,6951.0,6810.0,6894.0,6844.7001953125,18752.0,6483.6220703125
2016-08-11,6875.0,6790.0,6850.0,6849.0498046875,16926.0,6487.7421875
2016-08-12,6975.0,6830.0,6882.0,6894.7998046875,25880.0,6531.07763671875
2016-08-16,6890.0,6712.2001953125,6890.0,6749.25,27240.0,6393.20751953125
2016-08-17,6810.0,6670.0,6788.89990234375,6694.4501953125,28667.0,6341.29736328125
2016-08-18,6769.60009765625,6660.0,6745.0,6697.0,13803.0,6343.71337890625
2016-08-19,6759.7998046875,6700.0,6700.0,6727.35009765625,7145.0,6372.4619140625
2016-08-22,6808.0,6711.39990234375,6725.0,6785.35009765625,31457.0,6427.40185546875
2016-08-23,6848.60009765625,6790.0,6830.0,6810.89990234375,28773.0,6451.6044921875
2016-08-24,6863.0,6745.0498046875,6815.0,6818.2001953125,32290.0,6458.5205078125
2016-08-25,6850.0,6808.89990234375,6819.0,6829.85009765625,26445.0,6469.5546875
2016-08-26,6860.25,6809.7001953125,6848.0,6831.25,19970.0,6470.88134765625
2016-08-29,6849.0,6721.4501953125,6849.0,6751.39990234375,42107.0,6395.244140625
2016-08-30,6776.25,6655.0,6750.0,6687.5498046875,20441.0,6334.7607421875
2016-08-31,6725.0,6470.0,6688.0,6525.5498046875,62266.0,6181.30810546875
2016-09-01,6625.0,6460.2998046875,6525.0,6488.64990234375,26058.0,6146.3544921875
2016-09-02,6528.0,6425.0,6528.0,6439.64990234375,14379.0,6099.93896484375
2016-09-06,6590.0,6446.9501953125,6478.0,6565.14990234375,30795.0,6218.818359375
2016-09-07,6600.0,6437.0,6581.0,6461.7998046875,53353.0,6120.9208984375
2016-09-08,6498.0,6413.0,6450.0,6431.7998046875,15720.0,6092.50244140625
2016-09-09,6539.0,6400.0,6435.0,6507.89990234375,25820.0,6164.587890625
2016-09-12,6495.0,6400.0,6495.0,6431.2001953125,17135.0,6091.93603515625
2016-09-14,6501.0,6200.0,6447.7998046875,6344.4501953125,52642.0,6009.76123046875
2016-09-15,6358.75,6245.89990234375,6290.0,6301.39990234375,83601.0,5968.98193359375
2016-09-16,6467.9501953125,6308.0,6330.0,6407.0,43872.0,6069.01220703125
2016-09-19,6450.0,6301.0,6407.0,6337.4501953125,52913.0,6003.13037109375
2016-09-20,6376.10009765625,6323.5,6349.0,6339.9501953125,21526.0,6005.498046875
2016-09-21,6370.0,6270.0,6370.0,6313.0498046875,31447.0,5980.017578125
2016-09-22,6518.0,6313.0,6353.2998046875,6450.2998046875,34213.0,6110.02734375
2016-09-23,6537.0,6402.5,6505.0,6494.60009765625,53448.0,6151.99072265625
2016-09-26,6525.0,6401.0,6509.0,6504.25,24552.0,6161.1318359375
2016-09-27,6510.0,6412.10009765625,6499.0,6488.25,23621.0,6145.974609375
2016-09-28,6506.25,6424.5498046875,6491.0,6452.5498046875,19022.0,6112.158203125
2016-09-29,6525.0,6225.39990234375,6470.0,6353.2001953125,34583.0,6018.0498046875
2016-09-30,6500.0,6315.89990234375,6353.2001953125,6432.85009765625,64898.0,6093.4970703125
2016-10-03,6650.0,6432.89990234375,6432.89990234375,6621.89990234375,30768.0,6272.57373046875
2016-10-04,6700.0,6594.10009765625,6650.0,6680.9501953125,24219.0,6328.5107421875
2016-10-05,6800.0,6614.10009765625,6685.0,6775.5498046875,17108.0,6418.11865234375
2016-10-06,6814.89990234375,6668.0498046875,6775.0,6723.5498046875,13191.0,6368.86279296875
2016-10-07,6746.0,6655.39990234375,6746.0,6727.85009765625,6414.0,6372.93603515625
2016-10-10,6785.0,6603.0,6702.0,6632.60009765625,7682.0,6282.71044921875
2016-10-13,6649.0,6525.0,6630.0,6542.89990234375,24056.0,6197.7421875
2016-10-14,6925.0,6532.0498046875,6542.89990234375,6877.25,40793.0,6514.45458984375
2016-10-17,6845.0,6699.64990234375,6831.39990234375,6758.10009765625,13164.0,6401.59033203125
2016-10-18,6900.0,6651.0,6798.75,6873.89990234375,25218.0,6511.28076171875
2016-10-19,6859.0,6760.0,6800.60009765625,6792.5498046875,24013.0,6434.22265625
2016-10-20,6920.0,6738.89990234375,6804.5,6842.7998046875,47801.0,6481.8212890625
2016-10-21,6895.0,6780.89990234375,6830.0,6869.10009765625,11703.0,6506.73388671875
2016-10-24,6900.0,6812.14990234375,6848.0,6853.35009765625,9235.0,6491.8154296875
2016-10-25,6865.7998046875,6777.0,6825.0,6793.9501953125,77752.0,6435.54833984375
2016-10-26,6839.9501953125,6740.0,6759.0,6825.39990234375,41678.0,6465.33935546875
2016-10-27,6997.2001953125,6760.0,6839.89990234375,6936.9501953125,16940.0,6571.00537109375
2016-10-28,7000.0,6850.85009765625,6937.0,6985.75,24595.0,6617.23095703125
2016-11-01,6960.75,6706.2998046875,6925.0,6794.35009765625,33213.0,6435.92822265625
2016-11-02,6790.0,6670.0498046875,6790.0,6759.14990234375,18067.0,6402.58447265625
2016-11-03,6795.0,6666.0,6740.0498046875,6717.75,16866.0,6363.369140625
2016-11-04,6776.0,6618.0,6717.7998046875,6654.0498046875,17717.0,6303.02880859375
2016-11-07,6750.0,6355.0,6660.10009765625,6458.0498046875,23558.0,6117.3681640625
2016-11-08,6508.9501953125,6410.0,6462.0,6451.7001953125,12853.0,6111.35400390625
2016-11-09,6459.89990234375,5656.0498046875,6139.0,6387.89990234375,40371.0,6050.9189453125
2016-11-10,6543.2998046875,6401.0,6450.0,6420.10009765625,19694.0,6081.42041015625
2016-11-11,6488.0,6163.0,6488.0,6255.25,44257.0,5925.26611328125
2016-11-15,6294.89990234375,5911.5498046875,6260.0,5957.64990234375,106163.0,5643.36572265625
2016-11-16,6080.0498046875,5950.0,5999.0,5965.60009765625,174386.0,5650.89697265625
2016-11-17,6029.0,5933.0,6029.0,5958.0,61210.0,5643.69775390625
2016-11-18,5980.0,5851.0,5960.0,5881.7001953125,61184.0,5571.42236328125
2016-11-21,5947.0,5830.0,5895.0,5868.0498046875,28878.0,5558.4931640625
2016-11-22,5940.5,5850.0,5899.60009765625,5893.9501953125,61482.0,5583.0263671875
2016-11-23,6000.0,5870.0,5894.0,5915.85009765625,134376.0,5603.771484375
2016-11-24,6252.0498046875,5867.5,5867.5,6123.4501953125,27087.0,5800.419921875
2016-11-25,6200.0,6112.2001953125,6123.4501953125,6159.25,63475.0,5834.33056640625
2016-11-28,6310.0,6124.0,6158.25,6288.89990234375,14540.0,5957.1416015625
2016-11-29,6519.7998046875,6226.25,6300.0,6289.0,79429.0,5957.23681640625
2016-11-30,6400.0,6252.0,6290.0,6289.7001953125,43873.0,5957.8994140625
2016-12-01,6325.9501953125,6212.60009765625,6243.0,6284.0498046875,39345.0,5952.546875
2016-12-02,6272.0,6211.35009765625,6272.0,6230.9501953125,63016.0,5902.24853515625
2016-12-05,6365.39990234375,6125.0,6275.0,6229.0,21148.0,5900.4013671875
2016-12-06,6299.7998046875,6190.75,6244.5,6265.89990234375,23625.0,5935.35498046875
2016-12-07,6336.0,6245.0,6278.7998046875,6281.9501953125,16091.0,5950.55859375
2016-12-08,6375.0,6281.10009765625,6285.0,6330.7001953125,19252.0,5996.7373046875
2016-12-09,6392.7001953125,6265.0,6330.0,6352.35009765625,15619.0,6032.49169921875
2016-12-12,6332.85009765625,6264.0,6306.2998046875,6313.7001953125,8112.0,5995.78759765625
2016-12-13,6339.89990234375,6300.0,6331.0,6329.5498046875,29190.0,6010.8388671875
2016-12-14,6356.0,6190.0,6333.39990234375,6235.14990234375,20092.0,5921.19140625
2016-12-15,6270.9501953125,6134.0498046875,6200.0,6176.75,23653.0,5865.73291015625
2016-12-16,6226.9501953125,5912.0498046875,6223.2998046875,6115.2001953125,49759.0,5807.28271484375
2016-12-19,6139.0,5975.0,6139.0,6030.75,28248.0,5727.08447265625
2016-12-20,6074.0,5900.0,6050.0,5917.9501953125,19716.0,5619.96435546875
2016-12-21,5949.5498046875,5820.0,5916.0,5846.4501953125,53140.0,5552.06494140625
2016-12-22,5849.0,5750.0,5849.0,5767.85009765625,46891.0,5477.421875
2016-12-23,5935.0498046875,5746.0,5760.0,5803.60009765625,53313.0,5511.37158203125
2016-12-26,5856.0,5750.0,5810.0,5838.0,8203.0,5544.0400390625
2016-12-27,5913.9501953125,5799.0,5835.0,5877.5498046875,25155.0,5581.59814453125
2016-12-28,5931.10009765625,5840.2998046875,5869.9501953125,5897.64990234375,36511.0,5600.6865234375
2016-12-29,6029.9501953125,5865.0,5865.0,5974.2998046875,36337.0,5673.47607421875
2016-12-30,6048.39990234375,5902.0498046875,5959.9501953125,6028.35009765625,16658.0,5724.80517578125
2017-01-02,6081.0498046875,5939.9501953125,6030.0,5974.39990234375,16376.0,5673.57177734375
2017-01-03,6069.9501953125,5975.10009765625,5975.10009765625,6027.39990234375,13996.0,5723.9033203125
2017-01-04,6049.85009765625,5851.0,6040.0,5890.14990234375,44184.0,5593.56396484375
2017-01-05,5965.0,5830.0498046875,5939.89990234375,5921.7998046875,49983.0,5623.62060546875
2017-01-06,5959.0,5890.0,5916.14990234375,5929.85009765625,10929.0,5631.2646484375
2017-01-09,5980.0,5891.0,5960.0,5910.85009765625,5231.0,5613.2216796875
2017-01-10,5945.0,5856.14990234375,5940.0,5905.75,13422.0,5608.37890625
2017-01-11,5940.0,5877.0,5912.10009765625,5914.7998046875,26136.0,5616.97265625
2017-01-12,5935.0,5833.0,5900.0,5855.0,50031.0,5560.18310546875
2017-01-13,5915.0,5859.0,5877.0,5899.2998046875,20629.0,5602.25341796875
2017-01-16,5915.0,5870.89990234375,5910.0498046875,5883.4501953125,5009.0,5587.20166015625
2017-01-17,5914.5,5851.0498046875,5882.9501953125,5895.7998046875,10304.0,5598.9287109375
2017-01-18,5950.0,5872.0,5885.14990234375,5918.25,44155.0,5620.2490234375
2017-01-19,5939.0,5886.0,5918.25,5911.4501953125,31506.0,5613.791015625
2017-01-20,5910.10009765625,5871.0,5905.0,5899.7998046875,229261.0,5602.72802734375
2017-01-23,5940.0498046875,5854.0498046875,5854.0498046875,5924.0498046875,19862.0,5625.75732421875
2017-01-24,5999.0,5881.64990234375,5915.2001953125,5957.75,18514.0,5657.75927734375
2017-01-25,5993.0,5920.0,5979.9501953125,5965.9501953125,76075.0,5665.546875
2017-01-27,6005.0,5851.0,5975.0,5914.2001953125,35907.0,5616.40380859375
2017-01-30,5975.0,5880.0,5966.2001953125,5899.5,41985.0,5602.44287109375
2017-01-31,5920.0,5828.0,5882.0,5851.85009765625,227693.0,5557.193359375
2017-02-01,5935.0,5834.75,5898.0,5912.4501953125,18509.0,5614.74169921875
2017-02-02,6030.0,5885.0,5934.0,5994.2998046875,28641.0,5692.46875
2017-02-03,6145.0,5971.0,5999.7998046875,6088.5,25689.0,5781.92529296875
2017-02-06,6346.0,6085.0,6085.0,6305.5,30113.0,5987.9990234375
2017-02-07,6350.0,6075.0,6300.0,6128.25,35284.0,5819.67431640625
2017-02-08,6210.0,6140.0,6194.9501953125,6193.10009765625,34358.0,5881.25927734375
2017-02-09,6220.0,6138.0,6138.0,6196.7001953125,54513.0,5884.67822265625
2017-02-10,6200.0,6090.60009765625,6195.0,6178.2001953125,35678.0,5867.10986328125
2017-02-13,6210.0,6160.0498046875,6160.0498046875,6200.14990234375,65600.0,5887.9541015625
2017-02-14,6205.0,6115.0498046875,6200.0498046875,6193.10009765625,16393.0,5881.25927734375
2017-02-15,6275.35009765625,6141.10009765625,6193.10009765625,6169.35009765625,20218.0,5858.70458984375
2017-02-16,6250.0,5962.35009765625,6098.0,6207.7998046875,66496.0,5895.21923828125
2017-02-17,6267.0,6125.0,6201.0,6240.5,31485.0,5926.2734375
2017-02-20,6290.0,6155.0,6155.0,6284.10009765625,38912.0,5967.677734375
2017-02-21,6450.0,6221.2001953125,6279.0,6376.5,45913.0,6055.4248046875
2017-02-22,6430.0,6333.5,6400.0,6397.7998046875,15382.0,6075.65234375
2017-02-23,6415.0,6306.60009765625,6375.0498046875,6381.85009765625,15034.0,6060.50537109375
2017-02-27,6420.0,6310.0,6398.89990234375,6339.7001953125,14282.0,6020.4775390625
2017-02-28,6394.75,6230.0,6343.39990234375,6254.25,32595.0,5939.330078125
2017-03-01,6324.0,6233.0,6235.14990234375,6250.39990234375,9522.0,5935.67431640625
2017-03-02,6300.0,6148.0,6260.0,6197.60009765625,25500.0,5885.533203125
2017-03-03,6235.0,6164.2998046875,6190.14990234375,6189.5498046875,31558.0,5877.88720703125
2017-03-06,6300.0,6165.10009765625,6165.10009765625,6272.7001953125,9980.0,5956.8515625
2017-03-07,6384.14990234375,6190.0,6275.10009765625,6319.0498046875,85668.0,6000.86767578125
2017-03-08,6372.10009765625,6262.85009765625,6306.14990234375,6346.39990234375,12586.0,6026.83984375
2017-03-09,6365.0,6180.0,6365.0,6210.7998046875,24732.0,5898.068359375
2017-03-10,6269.89990234375,6110.0,6269.89990234375,6131.75,19988.0,5822.9990234375
2017-03-14,6248.0,6091.2001953125,6248.0,6119.39990234375,28535.0,5811.26953125
2017-03-15,6160.9501953125,6089.0,6150.0,6104.9501953125,46677.0,5797.54833984375
2017-03-16,6160.0,6100.0,6145.0,6150.39990234375,44325.0,5840.70947265625
2017-03-17,6249.0,6145.0,6155.0498046875,6222.10009765625,51300.0,5908.79931640625
2017-03-20,6300.0,6210.0,6249.0,6296.7998046875,32611.0,5979.73828125
2017-03-21,6345.9501953125,6255.0,6300.0,6335.2001953125,33563.0,6016.20458984375
2017-03-22,6356.60009765625,6254.89990234375,6301.0,6341.60009765625,30771.0,6022.28125
2017-03-23,6352.5,6281.2001953125,6316.0,6338.2001953125,50703.0,6019.0537109375
2017-03-24,6380.0,6279.4501953125,6326.89990234375,6352.5498046875,22772.0,6032.681640625
2017-03-27,6499.0,6311.0,6383.0,6463.35009765625,18957.0,6137.90185546875
2017-03-28,6540.0,6402.39990234375,6463.35009765625,6501.5,19821.0,6174.130859375
2017-03-29,6525.0,6420.0,6510.0,6493.2001953125,64216.0,6166.24853515625
2017-03-30,6639.35009765625,6464.9501953125,6493.2001953125,6605.2001953125,63730.0,6272.60986328125
2017-03-31,6720.0,6557.5,6600.0,6680.64990234375,41843.0,6344.259765625
2017-04-03,6666.0,6560.35009765625,6612.0498046875,6578.5498046875,11510.0,6247.30078125
2017-04-05,6650.0,6551.0,6551.0,6628.0498046875,22845.0,6294.30859375
2017-04-06,6650.0,6596.0,6600.0,6616.7998046875,24871.0,6283.62451171875
2017-04-07,6644.0,6594.0,6606.0,6619.7001953125,24490.0,6286.3798828125
2017-04-10,6654.0,6537.2001953125,6624.0,6628.5,24268.0,6294.73583984375
2017-04-11,6628.5498046875,6537.64990234375,6628.5,6559.25,15965.0,6228.97216796875
2017-04-12,6600.0,6415.0,6573.9501953125,6518.7001953125,27166.0,6190.46484375
2017-04-13,6560.0,6403.10009765625,6560.0,6438.25,22923.0,6114.06640625
2017-04-17,6489.0,6300.0,6489.0,6312.0498046875,18421.0,5994.22021484375
2017-04-18,6371.0,6312.25,6326.0,6337.7998046875,36733.0,6018.6728515625
2017-04-19,6344.0,6280.0,6315.0,6298.5498046875,14258.0,5981.39892578125
2017-04-20,6388.9501953125,6300.0,6370.10009765625,6339.75,14709.0,6020.52490234375
2017-04-21,6371.0,6303.0,6350.0,6353.7001953125,11992.0,6033.7724609375
2017-04-24,6355.75,6267.75,6353.7001953125,6287.7998046875,22792.0,5971.18994140625
2017-04-25,6364.0,6290.0,6300.0,6323.10009765625,43876.0,6004.71337890625
2017-04-26,6444.0,6310.0,6310.0,6424.2998046875,19546.0,6100.81787109375
2017-04-27,6730.0,6427.75,6449.0,6702.14990234375,65906.0,6364.67724609375
2017-04-28,6785.89990234375,6670.2001953125,6700.0,6697.75,52935.0,6360.4990234375
2017-05-02,6746.85009765625,6683.0498046875,6723.89990234375,6715.0498046875,37803.0,6376.927734375
2017-05-03,6735.0,6690.0,6725.0,6715.5498046875,23900.0,6377.40234375
2017-05-04,6755.0,6690.0,6690.0,6735.5,18029.0,6396.34716796875
2017-05-05,6749.89990234375,6668.0498046875,6735.0,6726.4501953125,23426.0,6387.75341796875
2017-05-08,6748.0,6632.10009765625,6702.0,6709.14990234375,17322.0,6371.32470703125
2017-05-09,6724.89990234375,6678.39990234375,6709.14990234375,6704.7998046875,10751.0,6367.19384765625
2017-05-10,7000.0,6700.0498046875,6711.64990234375,6920.35009765625,100390.0,6571.8896484375
2017-05-11,6984.5,6831.2001953125,6978.0,6856.5498046875,23533.0,6511.302734375
2017-05-12,6898.9501953125,6780.60009765625,6857.0498046875,6821.39990234375,86982.0,6477.921875
2017-05-15,6750.9501953125,6582.0,6721.0,6609.7998046875,75940.0,6276.9775390625
2017-05-16,6631.9501953125,6450.0,6616.0,6479.2001953125,49015.0,6152.95361328125
2017-05-17,6575.0,6498.9501953125,6500.0,6557.60009765625,26258.0,6227.40576171875
2017-05-18,6584.0,6504.0,6510.0498046875,6529.4501953125,58301.0,6200.67431640625
2017-05-19,6608.60009765625,6462.9501953125,6559.0,6534.0498046875,29045.0,6241.3642578125
2017-05-22,6644.89990234375,6511.0,6511.0,6595.85009765625,23406.0,6300.3974609375
2017-05-23,6687.39990234375,6506.64990234375,6595.85009765625,6584.5,48490.0,6289.5556640625
2017-05-24,6591.2001953125,6490.0,6591.2001953125,6527.0498046875,55967.0,6234.677734375
2017-05-25,6580.0,6470.0,6555.0,6498.4501953125,49980.0,6207.3603515625
2017-05-26,6739.2001953125,6526.2998046875,6549.0,6648.5498046875,91240.0,6350.73583984375
2017-05-29,6671.0498046875,6582.0498046875,6611.0,6617.35009765625,57795.0,6320.93408203125
2017-05-30,6654.4501953125,6570.10009765625,6601.7001953125,6600.7998046875,10564.0,6305.125
2017-05-31,6690.2998046875,6607.5498046875,6607.5498046875,6645.10009765625,81114.0,6347.44091796875
2017-06-01,6646.14990234375,6546.0,6642.0,6605.85009765625,20315.0,6309.94873046875
2017-06-02,6691.0498046875,6609.9501953125,6616.0,6648.60009765625,29991.0,6350.78466796875
2017-06-05,6798.0,6635.2001953125,6679.0,6714.2001953125,34741.0,6413.44580078125
2017-06-06,6750.0,6609.7001953125,6720.0,6677.2001953125,18460.0,6378.10302734375
2017-06-07,6720.0,6635.5498046875,6670.0,6669.7998046875,32691.0,6371.03369140625
2017-06-08,6704.89990234375,6611.0,6669.0,6651.85009765625,32379.0,6353.888671875
2017-06-09,6710.0,6629.7001953125,6652.0,6667.5,24558.0,6368.83740234375
2017-06-12,6708.25,6629.39990234375,6679.89990234375,6660.14990234375,31121.0,6361.81640625
2017-06-13,6709.0,6640.0,6665.0,6690.10009765625,14818.0,6390.42529296875
2017-06-14,6709.2001953125,6650.35009765625,6690.0,6684.35009765625,41363.0,6384.93310546875
2017-06-15,6704.9501953125,6666.25,6697.89990234375,6687.35009765625,40371.0,6387.7978515625
2017-06-16,6820.0,6676.25,6693.89990234375,6759.75,35730.0,6456.955078125
2017-06-19,6850.0,6684.9501953125,6781.0,6738.35009765625,30864.0,6436.513671875
2017-06-20,6745.0,6680.60009765625,6710.0,6698.9501953125,20081.0,6398.87939453125
2017-06-21,6780.25,6620.60009765625,6670.0,6759.4501953125,34599.0,6456.66845703125
2017-06-22,6837.0,6725.25,6759.0,6779.5498046875,30288.0,6475.8681640625
2017-06-23,6780.0,6611.0498046875,6752.0,6639.64990234375,30670.0,6342.234375
2017-06-27,6663.0,6530.0,6651.0,6599.9501953125,32822.0,6304.31396484375
2017-06-28,6660.0,6607.14990234375,6630.10009765625,6648.60009765625,16831.0,6350.78466796875
2017-06-29,6780.0,6651.0498046875,6655.0,6748.7001953125,32869.0,6446.40087890625
2017-06-30,6779.0,6666.0498046875,6705.0498046875,6736.7998046875,58484.0,6435.03271484375
2017-07-03,6830.0,6674.9501953125,6746.5,6738.39990234375,74048.0,6436.560546875
2017-07-04,6865.0,6745.85009765625,6795.0,6846.7001953125,51575.0,6540.01025390625
2017-07-05,6989.0,6831.0,6831.0,6908.35009765625,47661.0,6598.89892578125
2017-07-06,6980.0,6898.39990234375,6912.0,6918.0,24812.0,6608.1171875
2017-07-07,6958.0,6858.0,6918.0,6870.0498046875,22470.0,6562.31396484375
2017-07-10,6899.0,6778.0,6812.0498046875,6805.5,8733.0,6500.6572265625
2017-07-11,6870.0,6716.0,6870.0,6778.4501953125,34715.0,6474.81787109375
2017-07-12,6844.0,6760.0498046875,6844.0,6822.10009765625,29412.0,6516.51220703125
2017-07-13,6890.0,6767.0498046875,6878.0,6785.7998046875,60187.0,6481.837890625
2017-07-14,6839.7001953125,6790.5,6825.0,6810.9501953125,50380.0,6505.86181640625
2017-07-17,6899.0,6781.85009765625,6844.7001953125,6878.2001953125,17552.0,6570.10009765625
2017-07-18,6949.0,6821.0,6855.0,6852.5,41199.0,6545.55078125
2017-07-19,6944.89990234375,6862.2001953125,6898.0,6938.10009765625,29743.0,6627.31640625
2017-07-20,6959.60009765625,6860.0,6959.60009765625,6869.39990234375,7438.0,6561.69384765625
2017-07-21,6925.0,6795.0,6898.0,6807.0498046875,35748.0,6502.13671875
2017-07-24,6860.0,6810.0,6849.0,6835.85009765625,29921.0,6529.646484375
2017-07-25,6860.0,6795.2998046875,6860.0,6819.5498046875,35510.0,6514.076171875
2017-07-26,6899.9501953125,6750.0,6825.0,6785.64990234375,36324.0,6481.69482421875
2017-07-27,6867.0,6732.4501953125,6799.5,6799.64990234375,65349.0,6495.06787109375
2017-07-28,6805.0,6735.2998046875,6802.10009765625,6780.7001953125,26647.0,6476.966796875
2017-07-31,6798.89990234375,6730.0498046875,6785.0,6767.14990234375,41137.0,6464.02392578125
2017-08-01,6790.0,6675.85009765625,6732.0,6703.0,61312.0,6402.7470703125
2017-08-02,6745.39990234375,6695.0,6740.0,6711.60009765625,27463.0,6425.34033203125
2017-08-03,6748.85009765625,6680.0498046875,6696.10009765625,6731.2998046875,70859.0,6444.20068359375
2017-08-04,6747.9501953125,6607.35009765625,6683.39990234375,6702.25,18068.0,6416.38916015625
2017-08-07,6754.0,6685.0,6700.0498046875,6740.10009765625,22154.0,6452.625
2017-08-08,6750.10009765625,6647.2001953125,6730.0,6681.5498046875,27550.0,6396.57275390625
2017-08-09,6744.39990234375,6660.0,6660.10009765625,6729.9501953125,37023.0,6442.90869140625
2017-08-10,6750.0,6555.0,6700.0,6642.60009765625,90476.0,6359.28369140625
2017-08-11,6585.0,6532.0,6562.0,6544.2998046875,27932.0,6265.17578125
2017-08-14,6752.0,6552.0,6552.0,6652.4501953125,22523.0,6368.7138671875
2017-08-16,6739.85009765625,6602.0,6602.0,6680.2998046875,18636.0,6395.375
2017-08-17,6727.4501953125,6640.0,6690.0,6652.7998046875,18803.0,6369.04833984375
2017-08-18,6734.4501953125,6620.0,6620.0,6653.39990234375,61884.0,6369.62255859375
2017-08-21,6670.5,6578.0498046875,6640.0,6619.25,36805.0,6336.92919921875
2017-08-22,6735.0,6586.0,6626.10009765625,6604.35009765625,46472.0,6322.666015625
2017-08-23,6704.0,6596.0,6704.0,6606.0498046875,20032.0,6324.2919921875
2017-08-24,6650.0,6601.0498046875,6628.64990234375,6602.60009765625,28250.0,6320.9892578125
2017-08-28,7074.0,6650.0,6672.0,7048.60009765625,211001.0,6747.96728515625
2017-08-29,7065.0,6887.75,7032.0,6956.2001953125,78828.0,6659.50830078125
2017-08-30,7059.0,6870.14990234375,7030.0,7033.4501953125,85274.0,6733.46240234375
2017-08-31,7140.0,6950.9501953125,7050.0,7121.25,93447.0,6817.51904296875
2017-09-01,7114.9501953125,7003.0,7100.0,7015.2998046875,32090.0,6716.08740234375
2017-09-04,7074.0,6851.10009765625,7074.0,6864.7998046875,52035.0,6572.00634765625
2017-09-05,7045.0,6880.0,6880.0,7027.75,95357.0,6728.00634765625
2017-09-06,6996.4501953125,6914.5,6969.0,6973.5498046875,52319.0,6676.1171875
2017-09-07,7169.0,6932.0498046875,6999.9501953125,7132.5498046875,81994.0,6828.3369140625
2017-09-08,7225.0,7131.0,7187.64990234375,7201.39990234375,65653.0,6894.24951171875
2017-09-11,7319.0,7188.0,7188.0,7295.2001953125,51092.0,6984.04931640625
2017-09-12,7409.0,7230.60009765625,7330.0,7388.75,63565.0,7073.609375
2017-09-13,7410.0,7210.0,7380.2001953125,7239.2998046875,52857.0,6930.53369140625
2017-09-14,7347.0,7207.2001953125,7347.0,7234.10009765625,55141.0,6925.55517578125
2017-09-15,7369.0,7216.10009765625,7220.0498046875,7349.0498046875,54195.0,7035.6015625
2017-09-18,7346.89990234375,7281.4501953125,7310.0,7288.5,14132.0,6977.634765625
2017-09-19,7325.0,7240.0,7300.0,7254.7998046875,16712.0,6945.3720703125
2017-09-20,7250.0,7163.2001953125,7250.0,7203.35009765625,32379.0,6896.11669921875
2017-09-21,7211.7998046875,7104.39990234375,7202.0,7146.2001953125,113644.0,6841.4052734375
2017-09-22,7203.89990234375,7107.0498046875,7150.0,7169.5498046875,17066.0,6863.75830078125
2017-09-25,7200.0,7050.9501953125,7130.0,7146.39990234375,31480.0,6841.595703125
2017-09-26,7172.7001953125,7031.0,7113.0,7054.7001953125,22470.0,6753.80712890625
2017-09-27,7134.9501953125,7008.2001953125,7078.75,7102.0498046875,49112.0,6799.13720703125
2017-09-28,7242.2001953125,7071.39990234375,7110.0498046875,7137.60009765625,55293.0,6833.17138671875
2017-09-29,7255.2998046875,7120.0,7120.0498046875,7216.5,48861.0,6908.70654296875
2017-10-03,7394.9501953125,7259.9501953125,7300.0,7309.5498046875,49856.0,6997.78662109375
2017-10-04,7354.85009765625,7224.0498046875,7242.0,7330.60009765625,23907.0,7017.939453125
2017-10-05,7344.9501953125,7250.0,7310.0,7260.85009765625,8440.0,6951.16455078125
2017-10-06,7380.0,7251.0498046875,7301.0,7352.7998046875,31620.0,7039.1923828125
2017-10-09,7379.0,7283.0,7354.89990234375,7295.14990234375,12400.0,6984.0009765625
2017-10-10,7347.0,7271.5,7347.0,7288.25,16879.0,6977.3955078125
2017-10-11,7318.9501953125,7254.4501953125,7295.0,7288.7998046875,34570.0,6977.9208984375
2017-10-12,7483.0,7289.0,7300.0,7380.89990234375,73945.0,7066.09423828125
2017-10-13,7400.0,7319.35009765625,7380.0,7345.39990234375,180633.0,7032.10791015625
2017-10-16,7399.0,7265.0498046875,7305.0,7282.85009765625,20309.0,6972.22607421875
2017-10-17,7388.0,7236.0498046875,7299.89990234375,7373.9501953125,17809.0,7059.43994140625
2017-10-18,7373.0,7221.35009765625,7373.0,7245.75,15678.0,6936.7080078125
2017-10-19,7299.9501953125,7182.7998046875,7285.0,7216.2001953125,3810.0,6908.41845703125
2017-10-23,7324.9501953125,7202.0,7250.0,7216.2001953125,60706.0,6908.41845703125
2017-10-24,7277.0,7200.0498046875,7277.0,7238.5498046875,7616.0,6929.81494140625
2017-10-25,7260.0,7117.25,7260.0,7153.39990234375,25934.0,6848.29736328125
2017-10-26,7198.64990234375,7110.0498046875,7179.0,7144.89990234375,160226.0,6840.15966796875
2017-10-27,7210.0,7128.0498046875,7173.5,7170.64990234375,17586.0,6864.81103515625
2017-10-30,7238.9501953125,7180.0,7180.0,7219.64990234375,20204.0,6911.720703125
2017-10-31,7300.0,7191.10009765625,7239.0,7239.0,28985.0,6930.24658203125
2017-11-01,7382.89990234375,7203.2998046875,7264.0,7317.7001953125,48889.0,7005.58935546875
2017-11-02,7350.0,7260.85009765625,7329.9501953125,7287.85009765625,19811.0,6977.0126953125
2017-11-03,7436.0,7160.0,7300.0,7413.4501953125,95153.0,7097.25634765625
2017-11-06,7740.0,7287.89990234375,7413.4501953125,7594.4501953125,108302.0,7270.5361328125
2017-11-07,7773.9501953125,7600.0,7600.0,7695.5,83339.0,7367.2763671875
2017-11-08,7897.0,7621.0,7621.0,7828.75,89736.0,7494.84228515625
2017-11-09,7898.60009765625,7773.0,7828.9501953125,7799.2998046875,136442.0,7466.6484375
2017-11-10,7862.89990234375,7640.14990234375,7820.0,7785.25,63886.0,7453.197265625
2017-11-13,7974.14990234375,7648.0498046875,7945.9501953125,7719.85009765625,55712.0,7390.5869140625
2017-11-14,7783.89990234375,7610.0498046875,7720.10009765625,7640.64990234375,24703.0,7314.76513671875
2017-11-15,7775.0,7543.0498046875,7660.0,7721.10009765625,103007.0,7391.7841796875
2017-11-16,7823.7998046875,7625.4501953125,7736.5,7643.14990234375,30278.0,7317.15869140625
2017-11-17,7789.9501953125,7660.0,7670.60009765625,7690.35009765625,15179.0,7362.3447265625
2017-11-20,7827.0,7676.0,7690.35009765625,7724.75,37582.0,7395.27880859375
2017-11-21,7773.0,7710.0498046875,7710.0498046875,7744.35009765625,20423.0,7414.0419921875
2017-11-22,7747.0,7585.14990234375,7747.0,7606.39990234375,55610.0,7281.9755859375
2017-11-23,7653.0,7590.0,7653.0,7604.75,28130.0,7280.39697265625
2017-11-24,7632.25,7475.0,7630.9501953125,7502.25,55095.0,7182.26806640625
2017-11-27,7543.7998046875,7435.0,7501.2001953125,7494.25,25418.0,7174.60888671875
2017-11-28,7550.0,7462.7001953125,7529.9501953125,7497.7998046875,46999.0,7178.00830078125
2017-11-29,7569.0,7420.0,7421.0,7510.4501953125,68922.0,7190.11865234375
2017-11-30,7700.0,7471.64990234375,7480.0,7663.5,97354.0,7336.640625
2017-12-01,7753.0,7630.0498046875,7659.9501953125,7696.4501953125,41006.0,7368.185546875
2017-12-04,7739.0,7633.4501953125,7729.89990234375,7705.35009765625,33738.0,7376.70556640625
2017-12-05,7744.60009765625,7643.75,7704.89990234375,7691.10009765625,34970.0,7363.0634765625
2017-12-06,7750.0,7679.10009765625,7690.0,7708.64990234375,76748.0,7379.865234375
2017-12-07,7870.10009765625,7701.4501953125,7725.0,7817.0,69843.0,7483.5927734375
2017-12-08,7988.9501953125,7795.0498046875,7800.0,7921.0498046875,81419.0,7583.20556640625
2017-12-11,7940.0,7842.0,7899.9501953125,7872.64990234375,40636.0,7568.400390625
2017-12-12,7950.0,7848.0498046875,7884.0,7932.75,40336.0,7626.17822265625
2017-12-13,7962.85009765625,7851.0,7920.0498046875,7935.7998046875,25587.0,7629.1103515625
2017-12-14,8039.0498046875,7815.5,8035.0,7876.85009765625,30413.0,7572.43896484375
2017-12-15,7900.0,7834.0,7900.0,7848.7001953125,61916.0,7545.3759765625
2017-12-18,7949.0,7694.9501953125,7850.0,7929.0,19901.0,7622.5732421875
2017-12-19,7949.0,7875.0,7949.0,7897.25,27899.0,7592.0498046875
2017-12-20,7999.0,7899.10009765625,7915.0,7945.25,40908.0,7638.19482421875
2017-12-21,7971.10009765625,7890.0,7950.7001953125,7899.4501953125,20099.0,7594.16552734375
2017-12-22,7928.75,7840.0,7899.4501953125,7883.2998046875,22437.0,7578.638671875
2017-12-26,7908.0,7808.85009765625,7884.4501953125,7828.5,15964.0,7525.95703125
2017-12-27,7864.0,7712.2001953125,7864.0,7740.5498046875,14190.0,7441.40673828125
2017-12-28,7825.0,7675.0,7800.0,7733.0,18317.0,7434.1484375
2017-12-29,7909.0,7715.64990234375,7715.64990234375,7870.89990234375,30527.0,7566.71826171875
2018-01-01,7901.60009765625,7828.60009765625,7900.0,7863.2001953125,6606.0,7559.31640625
2018-01-02,7923.0498046875,7843.0,7855.0,7863.5498046875,65613.0,7559.65234375
2018-01-03,7935.0,7850.14990234375,7900.0,7860.10009765625,27948.0,7556.3359375
2018-01-04,7902.2001953125,7839.0,7865.0,7869.25,27902.0,7565.1328125
2018-01-05,7884.0,7841.0,7846.2998046875,7856.75,9970.0,7553.1162109375
2018-01-08,7968.5498046875,7830.0,7830.0,7941.14990234375,35919.0,7634.25341796875
2018-01-09,7968.85009765625,7688.0,7941.14990234375,7779.25,58444.0,7478.611328125
2018-01-10,7866.60009765625,7779.2998046875,7850.0,7846.64990234375,22046.0,7543.4052734375
2018-01-11,7910.0,7808.35009765625,7854.7998046875,7874.2998046875,47060.0,7569.98681640625
2018-01-12,7900.0498046875,7745.0498046875,7878.0,7789.25,32341.0,7488.2236328125
2018-01-15,7860.0,7745.0,7815.0,7757.9501953125,26404.0,7458.13427734375
2018-01-16,7824.9501953125,7722.0,7760.0,7774.60009765625,27957.0,7474.14111328125
2018-01-17,7815.0,7676.60009765625,7799.7001953125,7761.89990234375,70240.0,7461.93115234375
2018-01-18,7830.0,7686.60009765625,7830.0,7736.2001953125,30001.0,7437.224609375
2018-01-19,7800.0,7667.0,7800.0,7680.64990234375,19037.0,7383.8212890625
2018-01-22,7715.0,7640.14990234375,7667.5498046875,7667.0,31062.0,7370.69921875
2018-01-23,7699.0,7585.0,7699.0,7599.7001953125,36738.0,7306.0
2018-01-24,7633.9501953125,7548.5,7630.0,7592.89990234375,15863.0,7299.46240234375
2018-01-25,7625.60009765625,7433.0,7553.0,7490.75,37438.0,7201.259765625
2018-01-29,7586.9501953125,7460.0,7530.0,7530.85009765625,46573.0,7239.810546875
2018-01-30,7521.25,7405.0498046875,7520.0,7455.89990234375,28872.0,7167.7568359375
2018-01-31,7514.0,7416.2001953125,7483.9501953125,7469.14990234375,24839.0,7180.4951171875
2018-02-01,7536.9501953125,7280.0,7499.0,7310.85009765625,106395.0,7028.31298828125
2018-02-02,7415.0,7125.0,7300.0,7135.4501953125,64413.0,6859.69140625
2018-02-05,7199.0,6997.64990234375,7130.0,7134.7001953125,55575.0,6858.97021484375
2018-02-06,7035.10009765625,6985.0,7000.0,7016.2998046875,68219.0,6745.146484375
2018-02-07,7116.0,6975.7998046875,7097.9501953125,7007.0,40086.0,6736.205078125
2018-02-08,7094.0,6887.25,7014.0,6986.0,68289.0,6716.01708984375
2018-02-09,7033.2001953125,6922.2001953125,6973.0,6969.64990234375,74532.0,6700.298828125
2018-02-12,7199.0,6994.0498046875,6998.0,7141.89990234375,104885.0,6865.8916015625
2018-02-14,7384.2001953125,7162.0,7200.0,7264.9501953125,117449.0,6984.1865234375
2018-02-15,7645.0,7427.0498046875,7500.0,7583.2001953125,354436.0,7290.1376953125
2018-02-16,7720.0,7575.0,7650.0,7592.85009765625,76991.0,7299.4140625
2018-02-19,7630.0,7490.0498046875,7630.0,7506.7001953125,50746.0,7216.59375
2018-02-20,7605.9501953125,7520.0,7520.0,7572.64990234375,49865.0,7279.99462890625
2018-02-21,7618.60009765625,7570.5,7579.0,7597.5498046875,73367.0,7303.9326171875
2018-02-22,7658.89990234375,7479.25,7599.0,7543.2998046875,94421.0,7251.779296875
2018-02-23,7618.9501953125,7526.10009765625,7573.0,7582.7998046875,66464.0,7289.75146484375
2018-02-26,7650.0,7562.14990234375,7615.0,7625.25,65894.0,7330.56298828125
2018-02-27,7794.0,7620.0,7644.0,7759.9501953125,69883.0,7460.0576171875
2018-02-28,7874.0,7718.9501953125,7759.0,7761.64990234375,75576.0,7461.6904296875
2018-03-01,7876.0,7777.0,7777.0,7849.39990234375,61086.0,7546.0498046875
2018-03-05,7880.0,7695.2001953125,7880.0,7714.0,63643.0,7415.8818359375
2018-03-06,7780.0,7650.0,7763.39990234375,7688.85009765625,62306.0,7391.7041015625
2018-03-07,7798.0,7650.35009765625,7709.89990234375,7704.4501953125,61388.0,7406.701171875
2018-03-08,7788.0,7700.0,7788.0,7710.0498046875,49994.0,7412.08544921875
2018-03-09,7767.5,7642.0,7767.5,7657.35009765625,104310.0,7361.42138671875
2018-03-12,7709.0,7566.0,7694.7998046875,7619.0,28943.0,7324.5537109375
2018-03-13,7784.0,7615.7001953125,7619.0,7700.25,65859.0,7402.66357421875
2018-03-14,7715.9501953125,7616.75,7701.0,7647.75,64620.0,7352.1923828125
2018-03-15,7739.0,7605.2001953125,7729.0,7719.85009765625,65489.0,7421.50732421875
2018-03-16,7757.9501953125,7670.10009765625,7750.0,7695.35009765625,176601.0,7397.953125
2018-03-19,7724.9501953125,7627.5,7722.5498046875,7663.2998046875,66918.0,7367.14111328125
2018-03-20,7875.0,7663.7001953125,7699.89990234375,7841.4501953125,135487.0,7538.40673828125
2018-03-21,7965.0,7795.0498046875,7889.0,7853.25,75926.0,7549.75146484375
2018-03-22,7916.0,7817.35009765625,7848.0,7840.75,60100.0,7537.7333984375
2018-03-23,7836.64990234375,7759.60009765625,7800.0,7793.7998046875,97274.0,7492.5986328125
2018-03-26,7918.9501953125,7760.0,7827.0,7829.0498046875,62461.0,7526.48583984375
2018-03-27,8154.0,7861.0,7899.9501953125,8112.7001953125,125000.0,7799.173828125
2018-03-28,8250.0,8121.0,8155.0,8203.5498046875,124076.0,7886.5126953125
2018-04-02,8340.0,8169.9501953125,8199.849609375,8308.9501953125,61024.0,7987.83935546875
2018-04-03,8379.900390625,8279.9501953125,8299.900390625,8343.9501953125,60612.0,8021.4873046875
2018-04-04,8399.0,8312.0,8322.0,8351.0498046875,66915.0,8028.3134765625
2018-04-05,8408.0,8361.0498046875,8388.650390625,8384.25,36648.0,8060.22900390625
2018-04-06,8400.5498046875,8315.0,8384.25,8346.9501953125,38544.0,8024.37158203125
2018-04-09,8398.0,8330.099609375,8350.0,8382.25,54041.0,8058.3076171875
2018-04-10,8556.7998046875,8380.0,8399.75,8499.099609375,59706.0,8170.6416015625
2018-04-11,8506.7001953125,8378.2001953125,8499.599609375,8476.349609375,36711.0,8148.76904296875
2018-04-12,8685.0,8383.0,8446.0,8636.9501953125,83815.0,8303.1640625
2018-04-13,8740.0,8607.0498046875,8650.0498046875,8687.5,50680.0,8351.7607421875
2018-04-16,8780.0,8650.0,8704.5,8749.400390625,87657.0,8411.2685546875
2018-04-17,9049.0,8776.0,8784.5,9013.599609375,117758.0,8665.2568359375
2018-04-18,9118.9501953125,8950.2001953125,8981.099609375,8975.25,47494.0,8628.388671875
2018-04-19,9198.0,8964.0,8975.849609375,9145.5498046875,67268.0,8792.1064453125
2018-04-20,9250.0,9125.0,9175.0,9162.0,43195.0,8807.9228515625
2018-04-23,9182.150390625,8880.0498046875,9161.099609375,8905.349609375,67578.0,8561.19140625
2018-04-24,9020.849609375,8808.150390625,8919.900390625,8822.0498046875,51022.0,8481.1103515625
2018-04-25,8908.2998046875,8660.0498046875,8820.0,8734.5498046875,84260.0,8396.9912109375
2018-04-26,9190.0,8770.099609375,8799.849609375,9042.9501953125,132498.0,8693.47265625
2018-04-27,9129.7998046875,9006.0,9015.2001953125,9061.7001953125,38931.0,8711.5
2018-04-30,9448.0,9063.9501953125,9100.0,9396.5498046875,66876.0,9033.4072265625
2018-05-02,9497.0,9184.7001953125,9405.0,9201.25,62931.0,8845.6552734375
2018-05-03,9289.900390625,9055.099609375,9272.0,9098.650390625,46201.0,8747.01953125
2018-05-04,9157.9501953125,9084.7001953125,9140.2001953125,9111.400390625,33795.0,8759.2783203125
2018-05-07,9174.0,9015.099609375,9114.0498046875,9092.7001953125,57050.0,8741.3017578125
2018-05-08,9175.0,9082.099609375,9175.0,9117.7001953125,91703.0,8765.333984375
2018-05-09,9169.0,9070.2001953125,9070.2001953125,9120.75,24599.0,8768.2646484375
2018-05-10,9215.0498046875,8934.650390625,9139.0,8981.5498046875,44274.0,8634.4462890625
2018-05-11,9619.7001953125,9150.0,9240.0,9523.0,208693.0,9154.9697265625
2018-05-14,9622.4501953125,9502.0,9523.0,9571.400390625,49576.0,9201.5009765625
2018-05-15,9640.0,9475.0,9600.0,9565.2001953125,88137.0,9195.5400390625
2018-05-16,9649.900390625,9460.4501953125,9544.9501953125,9628.0,50709.0,9297.7099609375
2018-05-17,9889.9501953125,9548.0,9645.0,9705.849609375,82957.0,9395.333984375
2018-05-18,9809.0,9635.150390625,9690.0,9683.5,85659.0,9373.7001953125
2018-05-21,9750.0,9466.0498046875,9690.0,9486.349609375,41497.0,9182.8564453125
2018-05-22,9650.0,9437.599609375,9505.0,9634.25,53911.0,9326.0263671875
2018-05-23,9719.7001953125,9610.2001953125,9643.650390625,9641.2998046875,36962.0,9332.849609375
2018-05-24,9711.9501953125,9629.0,9649.900390625,9665.349609375,29401.0,9356.1298828125
2018-05-25,9799.0,9634.0498046875,9657.900390625,9734.7998046875,30723.0,9423.3583984375
2018-05-28,9775.0,9636.0498046875,9715.0,9659.0498046875,36871.0,9350.0302734375
2018-05-29,9649.0,9480.0,9602.0,9512.2998046875,43914.0,9207.9775390625
2018-05-30,9605.0,9500.0,9578.0,9530.0498046875,59099.0,9225.1591796875
2018-05-31,9799.0,9550.0,9559.900390625,9654.0,149624.0,9345.1435546875
2018-06-01,9999.0,9643.7001953125,9669.0,9898.5498046875,148674.0,9581.869140625
2018-06-04,10000.0,9773.2998046875,10000.0,9817.0,37046.0,9502.927734375
2018-06-05,9840.0,9490.0,9819.25,9535.650390625,62074.0,9230.580078125
2018-06-06,9797.0,9560.349609375,9599.0,9760.349609375,38522.0,9448.08984375
2018-06-07,9839.900390625,9730.2001953125,9819.9501953125,9787.4501953125,45248.0,9474.32421875
2018-06-08,9964.9501953125,9760.0498046875,9799.9501953125,9888.849609375,58211.0,9572.478515625
2018-06-11,10060.5,9880.0,9887.9501953125,9916.75,43431.0,9599.4873046875
2018-06-12,9946.5,9820.0,9939.0,9834.25,27119.0,9519.6259765625
2018-06-13,9890.0,9790.0,9890.0,9837.0498046875,29531.0,9522.3359375
2018-06-14,9859.9501953125,9740.0,9836.0498046875,9756.75,29254.0,9444.6064453125
2018-06-15,9774.900390625,9675.0,9760.0,9742.5,76681.0,9430.8125
2018-06-18,9790.599609375,9572.7998046875,9700.0,9618.5498046875,46772.0,9310.8271484375
2018-06-19,9998.7998046875,9500.150390625,9998.7998046875,9618.349609375,67392.0,9310.6337890625
2018-06-20,9749.900390625,9640.099609375,9665.0,9725.0498046875,59286.0,9413.9208984375
2018-06-21,9913.9501953125,9712.5498046875,9750.0498046875,9850.400390625,43772.0,9535.259765625
2018-06-22,9912.9501953125,9760.0,9840.0,9871.0498046875,36004.0,9555.2490234375
2018-06-25,9998.0,9841.400390625,9850.099609375,9894.900390625,52008.0,9578.3359375
2018-06-26,10180.0,9862.5498046875,9929.7998046875,10084.5,136320.0,9761.8701171875
2018-06-27,10198.0,9952.7998046875,10109.0,9999.349609375,82424.0,9679.4443359375
2018-06-28,10095.0,9724.5498046875,10028.0,9772.5,72930.0,9459.8525390625
2018-06-29,9898.0,9777.0,9898.0,9810.099609375,63369.0,9496.2490234375
2018-07-02,9890.0,9730.2998046875,9890.0,9765.150390625,35905.0,9452.7392578125
2018-07-03,9838.900390625,9727.650390625,9823.9501953125,9784.650390625,55736.0,9471.61328125
2018-07-04,9890.0,9772.0,9806.0,9862.7001953125,25385.0,9547.1650390625
2018-07-05,9989.9501953125,9890.0498046875,9924.650390625,9957.0498046875,16910.0,9638.498046875
2018-07-06,10059.7998046875,9924.4501953125,9949.75,9943.0498046875,36543.0,9624.9453125
2018-07-09,9999.0,9888.0498046875,9999.0,9899.4501953125,14698.0,9582.7412109375
2018-07-10,10060.0,9905.0,9905.0,10005.2001953125,39314.0,9685.1083984375
2018-07-11,10286.7998046875,9954.0,10021.0,10190.7001953125,55387.0,9864.673828125
2018-07-12,10250.5,10001.2998046875,10248.0,10029.0,35569.0,9708.14453125
2018-07-13,10220.099609375,10075.0,10100.0,10142.0,37091.0,9817.5302734375
2018-07-16,10237.2001953125,10150.0,10199.900390625,10200.7001953125,26933.0,9874.3525390625
2018-07-17,10549.0,10190.0,10202.0,10511.7998046875,85919.0,10175.498046875
2018-07-18,10550.099609375,10282.2001953125,10530.0,10393.5,74032.0,10060.984375
2018-07-19,10449.5,10222.099609375,10415.0,10289.2998046875,42226.0,9960.1181640625
2018-07-20,10420.0,10200.0,10295.2001953125,10348.2001953125,43278.0,10017.134765625
2018-07-23,10447.0,10325.0,10403.0,10393.400390625,19721.0,10060.888671875
2018-07-24,10462.099609375,10252.2001953125,10402.0,10290.5,32079.0,9961.279296875
2018-07-25,10351.400390625,10200.0,10309.7998046875,10233.599609375,23010.0,9906.19921875
2018-07-26,10360.0,10203.0,10203.0,10323.900390625,28834.0,9993.611328125
2018-07-27,10412.400390625,10168.5,10380.0,10284.2001953125,33320.0,9955.181640625
2018-07-30,10300.0,10084.7001953125,10300.0,10122.400390625,35115.0,9798.55859375
2018-07-31,10580.0,10111.2001953125,10179.900390625,10530.400390625,70114.0,10193.5048828125
2018-08-01,10950.7998046875,10551.0,10600.0,10836.7998046875,69806.0,10490.1025390625
2018-08-02,10860.0,10603.400390625,10850.0,10759.5,34515.0,10415.2763671875
2018-08-03,10832.0,10210.0,10810.0,10324.599609375,165670.0,9994.2890625
2018-08-06,10659.2998046875,10400.099609375,10500.0,10534.7001953125,58802.0,10197.6669921875
2018-08-07,10650.0,10500.0,10604.0,10537.7998046875,37284.0,10200.66796875
2018-08-08,10831.0,10577.2001953125,10580.599609375,10766.2998046875,69638.0,10421.8583984375
2018-08-09,10970.0,10767.0,10767.0,10882.5,81646.0,10534.33984375
2018-08-10,10957.0,10650.0,10900.0,10686.0,57383.0,10363.1728515625
2018-08-13,10935.0,10615.2001953125,10660.0,10851.2001953125,52999.0,10523.3828125
2018-08-14,10951.0,10780.099609375,10852.0,10857.0,37356.0,10529.005859375
2018-08-16,10955.0,10803.0,10850.0,10857.2001953125,49171.0,10529.19921875
2018-08-17,10920.0,10785.0,10887.0,10873.0,58903.0,10544.5224609375
2018-08-20,10948.0,10811.2998046875,10920.0,10841.0,41321.0,10513.490234375
2018-08-21,10990.0,10830.0,10859.0,10886.400390625,62485.0,10557.5185546875
2018-08-23,11585.0,10947.400390625,10948.0,11544.0,194040.0,11195.251953125
2018-08-24,11541.7998046875,11303.2998046875,11486.0,11362.7001953125,49459.0,11019.4287109375
2018-08-27,11532.7998046875,11273.0,11410.0,11333.2998046875,47997.0,10990.916015625
2018-08-28,11428.900390625,11308.5,11399.7998046875,11326.099609375,28097.0,10983.93359375
2018-08-29,11522.0,11269.2001953125,11358.0,11299.2998046875,62350.0,10957.9443359375
2018-08-30,11401.7998046875,11257.7001953125,11302.0,11286.400390625,83213.0,10945.43359375
2018-08-31,11705.0,11287.0,11287.0,11582.2001953125,185968.0,11232.296875
2018-09-03,11680.0,11251.2001953125,11680.0,11277.900390625,59462.0,10937.1904296875
2018-09-04,11345.5,10779.5,11330.0,10841.2001953125,81569.0,10513.6845703125
2018-09-05,10839.0,10175.0,10839.0,10386.0,129802.0,10072.236328125
2018-09-06,10560.0,10247.0,10458.0,10335.5,90549.0,10023.2607421875
2018-09-07,10650.0,10305.5,10370.0,10446.5,112689.0,10130.9072265625
2018-09-10,10515.0,10275.2001953125,10450.0,10330.2998046875,37274.0,10018.2177734375
2018-09-11,10385.0,10001.0,10300.0,10047.7001953125,60262.0,9744.1552734375
2018-09-12,10453.7998046875,10023.0,10080.0,10354.0,100962.0,10041.2021484375
2018-09-14,10572.0,10302.7998046875,10457.5,10335.5,93400.0,10023.2607421875
2018-09-17,10722.7001953125,10115.0,10348.0,10175.0,30582.0,9867.6103515625
2018-09-18,10430.0,10191.5,10247.0,10243.5,37699.0,9934.0390625
2018-09-19,10501.0,10104.0,10364.0,10145.0,38006.0,9838.517578125
2018-09-21,10258.900390625,9199.9501953125,10209.0,9749.599609375,152670.0,9455.0595703125
2018-09-24,9898.599609375,9615.0,9878.0,9662.5,31895.0,9370.591796875
2018-09-25,9844.099609375,9390.0,9625.0498046875,9697.349609375,87995.0,9404.388671875
2018-09-26,9833.0,9549.5,9799.900390625,9729.349609375,57887.0,9435.421875
2018-09-27,9835.0,9488.5,9796.0,9578.650390625,83560.0,9289.2763671875
2018-09-28,9813.0,9559.349609375,9720.0,9699.650390625,115954.0,9406.6201171875
2018-10-01,9750.4501953125,9466.5,9723.9501953125,9609.650390625,53328.0,9319.3388671875
2018-10-03,9600.0,9320.099609375,9600.0,9343.7998046875,86534.0,9061.5205078125
2018-10-04,9449.599609375,9113.7998046875,9180.0,9347.9501953125,82801.0,9065.544921875
2018-10-05,9500.0,9145.2998046875,9340.0,9418.900390625,103232.0,9134.3525390625
2018-10-08,9479.150390625,9216.4501953125,9418.9501953125,9380.75,75687.0,9097.353515625
2018-10-09,9610.25,9257.0498046875,9380.75,9491.9501953125,81173.0,9205.1943359375
2018-10-10,9650.0,9407.75,9480.0498046875,9510.25,54171.0,9222.94140625
2018-10-11,9449.9501953125,9047.0498046875,9300.0,9384.400390625,91371.0,9100.89453125
2018-10-12,9779.400390625,9430.900390625,9460.0,9699.849609375,106845.0,9406.8134765625
2018-10-15,9730.0,9559.0,9730.0,9655.900390625,35037.0,9364.1923828125
2018-10-16,9763.650390625,9636.2001953125,9659.9501953125,9737.5,49375.0,9443.326171875
2018-10-17,9860.0,9684.400390625,9800.0,9725.349609375,45581.0,9431.5419921875
2018-10-19,9695.150390625,9480.0,9676.2001953125,9609.0498046875,69090.0,9318.7568359375
2018-10-22,9757.75,9620.0,9710.0,9641.0,114558.0,9349.7412109375
2018-10-23,9550.0,9300.0,9301.5,9352.4501953125,92419.0,9069.9091796875
2018-10-24,9623.5,9436.0,9440.0498046875,9534.2001953125,99288.0,9246.1689453125
2018-10-25,9769.9501953125,9424.5,9500.0,9538.25,123822.0,9250.0966796875
2018-10-26,9710.0,9467.5498046875,9588.5,9569.4501953125,71663.0,9280.353515625
2018-10-29,9860.7998046875,9600.0,9759.0,9683.150390625,239463.0,9390.6181640625
2018-10-30,9764.9501953125,9612.5,9688.0,9718.4501953125,62706.0,9424.8525390625
2018-10-31,10198.2998046875,9725.0,9800.0,10147.7998046875,162484.0,9841.2314453125
2018-11-01,10315.599609375,9903.5,10239.0,9969.5,77413.0,9668.318359375
2018-11-02,10349.0,9990.0498046875,10069.900390625,10229.7001953125,91546.0,9920.65625
2018-11-05,10400.0,10163.0,10234.5,10332.7001953125,60163.0,10020.546875
2018-11-06,10422.099609375,10081.2998046875,10335.0,10160.2001953125,39829.0,9853.2568359375
2018-11-07,10250.0,10150.2001953125,10250.0,10220.400390625,3465.0,9911.6396484375
2018-11-09,10375.0,10153.2998046875,10284.0,10226.0,55600.0,9917.0703125
2018-11-12,10350.0,10087.7998046875,10249.7998046875,10124.5,36475.0,9818.6357421875
2018-11-13,10238.099609375,10079.7001953125,10135.0,10144.099609375,20798.0,9837.6435546875
2018-11-14,10440.0,10156.0,10156.0,10394.2998046875,89492.0,10080.2841796875
2018-11-15,10517.099609375,10315.099609375,10394.400390625,10463.7998046875,93404.0,10147.6845703125
2018-11-16,10735.0,10475.7001953125,10500.0,10687.2001953125,114490.0,10364.3349609375
2018-11-19,10798.900390625,10138.5,10786.0,10342.7001953125,143391.0,10030.2431640625
2018-11-20,10508.7998046875,10172.0,10384.0,10254.7001953125,52173.0,9944.90234375
2018-11-21,10349.0,10181.2001953125,10300.0,10238.2998046875,41562.0,9928.99609375
2018-11-22,10448.7001953125,10220.099609375,10306.900390625,10303.2001953125,50964.0,9991.9365234375
2018-11-26,10490.0,10325.0,10325.0,10453.2001953125,46014.0,10137.40625
2018-11-27,10563.099609375,10370.0,10450.0,10518.400390625,38216.0,10200.63671875
2018-11-28,10739.0,10543.5,10580.0,10698.7001953125,88968.0,10375.4892578125
2018-11-29,10777.0,10387.0,10777.0,10606.5,178126.0,10286.0732421875
2018-11-30,10890.400390625,10594.7001953125,10700.0,10764.7998046875,71175.0,10439.5927734375
2018-12-03,10869.0,10645.0,10819.2001953125,10745.7001953125,65561.0,10421.0693359375
2018-12-04,10783.099609375,10556.0,10725.2001953125,10589.0,51632.0,10269.103515625
2018-12-05,10589.0,10440.0,10550.0,10488.5,85798.0,10171.638671875
2018-12-06,10448.2001953125,10232.0,10448.2001953125,10309.2998046875,43562.0,9997.8525390625
2018-12-07,10540.0,10330.0,10330.0,10404.599609375,57802.0,10090.2724609375
2018-12-10,10438.900390625,10275.0,10300.0,10398.900390625,94778.0,10084.744140625
2018-12-11,10799.0,10322.2998046875,10357.0,10634.5,54766.0,10313.2265625
2018-12-12,10895.0,10584.0,10635.2001953125,10844.7998046875,90657.0,10566.857421875
2018-12-13,11198.2998046875,10890.0,10950.0,10996.5,76137.0,10714.6689453125
2018-12-14,11174.7998046875,10918.400390625,11034.0,10985.900390625,62728.0,10704.341796875
2018-12-17,11313.0,11005.0,11005.0,11170.599609375,98550.0,10884.306640625
2018-12-18,11300.0,11023.599609375,11173.0,11094.0,67019.0,10809.669921875
2018-12-19,11230.0,11112.0,11199.900390625,11174.2998046875,136306.0,10887.9111328125
2018-12-20,11425.0,11150.0,11150.0,11232.5,57925.0,10944.6201171875
2018-12-21,11323.7998046875,10958.5,11264.7001953125,11010.400390625,66291.0,10728.2138671875
2018-12-24,11222.0,10835.5,11056.0,10923.2998046875,34191.0,10643.3427734375
2018-12-26,10987.0,10745.0,10965.0,10770.0,37172.0,10493.9736328125
2018-12-27,10969.0,10800.099609375,10849.0,10942.7998046875,52311.0,10662.345703125
2018-12-28,11396.7001953125,10931.099609375,10994.0,11258.599609375,56636.0,10970.0517578125
2018-12-31,11358.0,11025.0,11300.0,11084.7998046875,46430.0,10800.7041015625
2019-01-01,11170.400390625,10990.0,11150.0,11015.0,31709.0,10732.6943359375
2019-01-02,11160.0,10907.0,10980.5,11035.400390625,28167.0,10752.5712890625
2019-01-03,11499.0,10999.900390625,11111.0,11207.2001953125,169291.0,10919.9677734375
2019-01-04,11198.900390625,10655.5,11139.0,10851.2001953125,206163.0,10573.09375
2019-01-07,10939.7001953125,10700.0,10875.0,10786.099609375,85959.0,10509.6611328125
2019-01-08,11240.0,10690.0,10800.0,11005.400390625,134341.0,10723.3408203125
2019-01-09,11298.400390625,11058.400390625,11099.7998046875,11252.2001953125,98483.0,10963.8154296875
2019-01-10,11447.7998046875,11139.599609375,11320.0,11416.599609375,76915.0,11124.0009765625
2019-01-11,11458.0,11151.0,11400.2001953125,11273.0,57253.0,10984.0830078125
2019-01-14,11385.7001953125,11190.0,11300.0,11228.7001953125,51811.0,10940.91796875
2019-01-15,11340.0,11200.0,11296.0,11282.7001953125,49470.0,10993.5341796875
2019-01-16,11291.7998046875,10980.0,11261.0,11055.900390625,136679.0,10772.546875
2019-01-17,11233.0,11122.0,11200.0,11165.7001953125,72737.0,10879.5322265625
2019-01-18,11326.5,11181.0,11200.0,11248.400390625,76762.0,10960.11328125
2019-01-21,11309.0,11150.099609375,11296.0,11255.2001953125,19108.0,10966.7392578125
2019-01-22,11350.0,11200.0,11290.0,11236.5,39958.0,10948.517578125
2019-01-23,11348.0,11240.0,11255.0,11315.900390625,51210.0,11025.8837890625
2019-01-24,11460.0,11306.0,11315.900390625,11433.400390625,104618.0,11140.3720703125
2019-01-25,11517.0,11300.0,11460.0,11365.599609375,59928.0,11074.3076171875
2019-01-28,11420.0,11155.0,11365.599609375,11360.599609375,103963.0,11069.4375
2019-01-29,11440.0,11293.900390625,11380.0,11399.099609375,70632.0,11106.9501953125
2019-01-30,11439.7998046875,11280.0,11420.0,11396.7001953125,39290.0,11104.61328125
2019-01-31,11539.0,11373.0,11420.0,11497.7998046875,95373.0,11203.119140625
2019-02-01,11622.0,11430.2001953125,11498.0,11556.5,61906.0,11260.3154296875
2019-02-04,11642.2001953125,11500.0,11515.0,11533.7998046875,34434.0,11238.1982421875
2019-02-05,11654.0,11510.099609375,11535.0,11607.5,36727.0,11310.0087890625
2019-02-06,11654.0,11469.7001953125,11654.0,11617.400390625,27885.0,11319.65625
2019-02-07,11749.0,11540.0,11615.0,11715.7001953125,36168.0,11415.4365234375
2019-02-08,11751.0,11111.0,11708.0,11242.7001953125,114697.0,10954.5595703125
2019-02-11,11300.0,10765.5,11300.0,10843.5,122841.0,10565.5908203125
2019-02-12,10850.0,10615.7001953125,10835.0,10783.7998046875,97576.0,10507.419921875
2019-02-14,10779.0,10310.0,10541.0,10628.7998046875,124563.0,10356.3916015625
2019-02-15,10740.2001953125,10251.0,10450.0,10535.5,414813.0,10265.4833984375
2019-02-18,10580.0,10176.2001953125,10549.0,10349.5,87235.0,10084.2509765625
2019-02-19,10729.0,10350.0,10350.0,10515.400390625,88601.0,10245.8984375
2019-02-20,10638.7998046875,10399.2001953125,10531.5,10521.7998046875,62379.0,10252.134765625
2019-02-21,10671.5,10450.0,10500.0,10622.0,70280.0,10349.767578125
2019-02-22,10709.0,10561.7001953125,10639.900390625,10685.5,55283.0,10411.638671875
2019-02-25,10870.0,10680.0,10739.0,10831.7001953125,42086.0,10554.0927734375
2019-02-26,10855.0,10666.5,10799.0,10804.400390625,72467.0,10527.4921875
2019-02-27,10820.7001953125,10651.7998046875,10804.400390625,10713.7001953125,85713.0,10439.1162109375
2019-02-28,10763.5,10555.099609375,10750.0,10639.7998046875,111875.0,10367.1103515625
2019-03-01,10675.0,10406.0,10640.0,10451.7998046875,109782.0,10183.9287109375
2019-03-05,10566.7001953125,10281.5,10281.5,10506.0,81658.0,10236.7392578125
2019-03-06,10593.0,10195.0,10593.0,10320.7998046875,145434.0,10056.2861328125
2019-03-07,10352.599609375,10165.099609375,10340.0,10203.2998046875,78052.0,9941.7978515625
2019-03-08,10220.0,10035.0,10220.0,10095.2001953125,98498.0,9836.4677734375
2019-03-11,10329.0,10031.7001953125,10099.2998046875,10292.7998046875,114136.0,10029.00390625
2019-03-12,10512.0,10260.0,10298.900390625,10428.900390625,83043.0,10161.6162109375
2019-03-13,10755.0,10500.400390625,10528.0,10723.2998046875,133760.0,10448.470703125
2019-03-14,10770.0,10540.0,10758.0,10739.2998046875,55804.0,10464.060546875
2019-03-15,10762.0,10230.0,10701.2998046875,10289.900390625,183452.0,10026.1787109375
2019-03-18,10495.400390625,10271.2001953125,10375.0,10456.599609375,61262.0,10188.6064453125
2019-03-19,10755.0,10409.7998046875,10456.599609375,10707.0,82821.0,10432.587890625
2019-03-20,10750.0,10463.5,10729.900390625,10530.2001953125,59630.0,10260.3203125
2019-03-22,10649.0,10527.2001953125,10593.0,10600.7001953125,85656.0,10329.013671875
2019-03-25,10549.900390625,10303.0,10515.0,10528.2998046875,109785.0,10258.4677734375
2019-03-26,10790.2001953125,10516.0,10565.2001953125,10691.900390625,150685.0,10417.8759765625
2019-03-27,11049.0,10576.7998046875,10691.0,10892.0,139605.0,10612.8466796875
2019-03-28,11130.0,10801.0,10938.900390625,11073.099609375,91828.0,10789.3046875
2019-04-01,11121.0,10861.099609375,10980.0,10915.2001953125,81431.0,10635.453125
2019-04-02,10979.7001953125,10700.0,10979.7001953125,10786.7998046875,59609.0,10510.341796875
2019-04-03,11067.0,10780.0,10947.0,11003.7998046875,74692.0,10721.7802734375
2019-04-04,11059.0,10850.0,11059.0,10961.7998046875,40177.0,10680.8583984375
2019-04-05,11091.0,10900.0,10935.0,10980.7998046875,26013.0,10699.3701171875
2019-04-08,11050.0,10804.5,10999.0,10850.599609375,37049.0,10572.5068359375
2019-04-09,10889.0,10740.0,10889.0,10790.0,75730.0,10513.4619140625
2019-04-10,10850.0,10730.0,10792.5,10812.0,48089.0,10534.896484375
2019-04-11,10899.0,10690.0,10795.0,10764.099609375,93902.0,10488.2236328125
2019-04-12,11000.0,10764.2998046875,10767.900390625,10973.7998046875,49737.0,10692.5498046875
2019-04-15,11089.0,10891.0,11000.0,10970.099609375,84735.0,10688.9453125
2019-04-16,11219.0,10995.0,11000.0,11155.7998046875,89355.0,10869.8857421875
2019-04-18,11240.0,10925.0,11186.400390625,10954.5,56399.0,10673.7451171875
2019-04-22,11125.0,10851.5,10965.0,10879.900390625,31883.0,10601.056640625
2019-04-23,10979.0,10872.0,10940.0,10910.2001953125,25119.0,10630.580078125
2019-04-24,11029.5,10705.0,10907.5,10833.400390625,76358.0,10555.7490234375
2019-04-25,10990.0,10780.0,10890.0,10846.5,90249.0,10568.5126953125
2019-04-26,11049.2001953125,10822.0,10851.0,10971.2001953125,51412.0,10690.0166015625
2019-04-30,10975.0,10854.7001953125,10900.0,10905.2998046875,74238.0,10650.07421875
2019-05-02,10905.0,10403.0,10905.0,10589.7001953125,44249.0,10365.6240234375
2019-05-03,10650.0,10380.0,10650.0,10485.7001953125,115448.0,10263.82421875
2019-05-06,10497.099609375,10305.0,10400.0,10364.0,90136.0,10167.0
2019-05-07,10590.0,10401.0,10401.5,10477.099609375,72631.0,10277.9501953125
2019-05-08,10536.0,10275.7001953125,10487.7998046875,10298.2998046875,46391.0,10102.548828125
2019-05-09,10409.0,10200.0,10295.0,10362.2001953125,46552.0,10165.234375
2019-05-10,10435.7001953125,10171.0,10371.900390625,10231.2001953125,61273.0,10036.724609375
2019-05-13,10433.2001953125,10232.2001953125,10262.0,10300.0,48042.0,10104.216796875
2019-05-14,10364.400390625,10120.0,10310.0,10198.7001953125,54275.0,10004.8427734375
2019-05-15,10509.0,10211.0,10401.0,10268.5,127190.0,10073.3154296875
2019-05-16,10401.0,10255.0,10332.7001953125,10280.5,39322.0,10085.0869140625
2019-05-17,10546.2001953125,10256.7998046875,10300.0,10465.7001953125,65704.0,10266.7666015625
2019-05-20,10832.0,10560.2998046875,10680.0,10768.2001953125,49555.0,10563.5166015625
2019-05-21,10884.7001953125,10494.0,10850.0,10609.2001953125,47182.0,10407.5390625
2019-05-22,10784.2001953125,10600.0,10650.0,10700.5,31497.0,10497.103515625
2019-05-23,10989.0,10680.0,10848.0,10797.0,56257.0,10591.76953125
2019-05-24,10849.900390625,10592.2998046875,10813.0,10660.0,49465.0,10457.373046875
2019-05-27,11083.0,10700.0,10750.0,11036.2001953125,84400.0,10826.4228515625
2019-05-28,11165.0,10950.0,11040.0,11105.2001953125,133445.0,10894.111328125
2019-05-29,11296.0,10987.5,11125.0,11206.0,128654.0,10992.9951171875
2019-05-30,11345.0,11170.0,11175.2001953125,11320.5,93421.0,11105.318359375
2019-05-31,11540.0,11303.5,11350.0,11498.099609375,70172.0,11279.5419921875
2019-06-03,11700.0,11498.599609375,11498.599609375,11686.5,64302.0,11464.361328125
2019-06-04,11698.0,11428.0,11600.0,11552.2998046875,96144.0,11332.712890625
2019-06-06,11684.0,11530.0,11552.2998046875,11603.2998046875,82658.0,11382.7431640625
2019-06-07,11628.0,11451.0,11610.0,11503.7998046875,43726.0,11285.134765625
2019-06-10,11729.0,11376.0,11607.099609375,11698.400390625,48341.0,11476.03515625
2019-06-11,11817.7001953125,11498.099609375,11755.0,11623.0,72286.0,11402.068359375
2019-06-12,11715.0,11505.0,11674.0,11695.5,43374.0,11473.1904296875
2019-06-13,11661.5,11570.0,11620.0,11613.7998046875,69156.0,11393.04296875
2019-06-14,11723.7001953125,11451.0,11615.5,11489.0,40564.0,11270.615234375
2019-06-17,11629.7001953125,11425.7001953125,11559.0,11480.7998046875,45786.0,11262.5712890625
2019-06-18,11552.0,11300.0,11505.0,11457.599609375,55529.0,11239.8125
2019-06-19,11650.5,11450.0,11478.900390625,11611.7001953125,69510.0,11390.9833984375
2019-06-20,11759.0,11474.2001953125,11613.0,11718.0,65396.0,11495.2626953125
2019-06-21,11790.0,11539.2001953125,11710.0,11600.900390625,111980.0,11380.388671875
2019-06-24,11760.0,11550.2001953125,11600.0,11712.0,24222.0,11489.376953125
2019-06-25,11737.2001953125,11613.5,11680.0,11705.7998046875,37748.0,11483.294921875
2019-06-26,11950.0,11680.7998046875,11706.0,11802.5,143213.0,11578.1572265625
2019-06-27,11866.900390625,11684.5,11810.2998046875,11802.7998046875,93927.0,11578.451171875
2019-06-28,11940.0,11755.0,11762.0,11912.599609375,57069.0,11686.1640625
2019-07-01,12023.2001953125,11823.7001953125,11984.0,11868.7998046875,40901.0,11643.1962890625
2019-07-02,12005.0,11801.0,11860.0,11964.7998046875,66647.0,11737.37109375
2019-07-03,11998.5,11780.0,11964.0,11819.2001953125,63152.0,11594.5400390625
2019-07-04,11970.0,11800.0,11810.0,11884.5,23714.0,11658.59765625
2019-07-05,12000.0,11840.0,11930.0,11956.900390625,35376.0,11729.6220703125
2019-07-08,11929.0,11752.0,11929.0,11801.5,45507.0,11577.17578125
2019-07-09,11824.0,11630.0,11819.7998046875,11687.0,61843.0,11464.8525390625
2019-07-10,11795.0,11530.0,11715.0,11550.5,44237.0,11330.947265625
2019-07-11,11624.0,11471.5,11624.0,11506.7998046875,46492.0,11288.0771484375
2019-07-12,11718.0,11507.0,11507.0,11672.2001953125,27605.0,11450.3330078125
2019-07-15,11689.0,11465.599609375,11689.0,11484.5,19432.0,11266.201171875
2019-07-16,11742.0,11487.099609375,11632.0,11708.7001953125,42449.0,11486.1396484375
2019-07-17,11749.7998046875,11602.5,11706.0,11695.400390625,24922.0,11473.0927734375
2019-07-18,11743.599609375,11542.5,11726.7998046875,11596.7998046875,47394.0,11376.3662109375
2019-07-19,11725.0,11512.2998046875,11649.900390625,11547.0,86677.0,11327.5126953125
2019-07-22,11562.5,11265.0,11508.0,11304.7001953125,47464.0,11089.8193359375
2019-07-23,11693.0,11305.0,11305.0,11470.7998046875,61563.0,11252.7607421875
2019-07-24,11619.7998046875,11298.7998046875,11500.0,11479.900390625,49740.0,11261.689453125
2019-07-25,11666.7998046875,11440.0,11509.0,11495.0,53885.0,11276.501953125
2019-07-26,11671.5,11470.0,11525.0,11623.2001953125,30544.0,11402.2646484375
2019-07-29,11690.0,11479.2001953125,11600.0,11620.2001953125,46052.0,11399.322265625
2019-07-30,11690.5,11500.0,11673.7998046875,11536.5,34459.0,11317.212890625
2019-07-31,11740.0,11401.0,11500.0,11675.900390625,46971.0,11453.9638671875
2019-08-01,11664.0,11445.0,11664.0,11547.0,34623.0,11327.5126953125
2019-08-02,11536.2001953125,11322.5,11425.0,11411.5,56548.0,11194.5888671875
2019-08-05,11950.0,11490.0,11528.0,11712.7998046875,122980.0,11490.1611328125
2019-08-06,11998.0,11701.0,11710.0,11837.5,85992.0,11612.4912109375
2019-08-07,11909.7001953125,11732.2001953125,11790.0,11777.5,46996.0,11553.6318359375
2019-08-08,11930.0,11775.0,11800.0,11840.2001953125,36614.0,11615.140625
2019-08-09,12268.5,11700.0,11780.0,11993.2998046875,116548.0,11946.953125
2019-08-13,12193.0,11820.0,11962.2001953125,11893.5,77413.0,11847.5390625
2019-08-14,12159.0,11850.099609375,11893.5,12036.5,58376.0,11989.986328125
2019-08-16,12107.900390625,11906.900390625,12099.900390625,12004.400390625,56885.0,11958.0107421875
2019-08-19,12259.900390625,12040.0,12090.0,12066.599609375,44883.0,12019.9697265625
2019-08-20,12155.7998046875,11916.7001953125,12114.0,11969.7998046875,67952.0,11923.5439453125
2019-08-21,12646.5,11970.0,11970.0,12594.099609375,273006.0,12545.4306640625
2019-08-22,12799.0,12405.2001953125,12640.0,12470.0,100858.0,12421.810546875
2019-08-23,12547.599609375,12250.0,12499.5,12438.7001953125,58571.0,12390.6318359375
2019-08-26,12621.7998046875,12230.0,12621.7998046875,12391.2998046875,77906.0,12343.4150390625
2019-08-27,12550.0,12354.099609375,12354.099609375,12472.2998046875,92699.0,12424.1015625
2019-08-28,12850.0,12410.0,12545.0,12517.400390625,103647.0,12469.0283203125
2019-08-29,12890.0,12610.0,12643.0,12716.7998046875,243927.0,12667.6572265625
2019-08-30,12948.7998046875,12567.0,12725.0,12875.2001953125,124005.0,12825.4453125
2019-09-03,12899.0,12597.599609375,12830.0,12691.0,79268.0,12641.95703125
2019-09-04,12750.599609375,12387.7001953125,12699.7998046875,12480.7998046875,91435.0,12432.5693359375
2019-09-05,12675.0,12480.0,12480.0,12612.2001953125,52941.0,12563.4619140625
2019-09-06,12712.2001953125,12505.0,12650.0,12614.0,57818.0,12565.25390625
2019-09-09,12900.0,12564.7001953125,12629.2998046875,12836.2998046875,68341.0,12786.6953125
2019-09-11,12842.0,12663.2998046875,12839.0,12759.0,105665.0,12709.6943359375
2019-09-12,12836.2001953125,12520.2998046875,12776.5,12556.900390625,73503.0,12508.375
2019-09-13,12719.0,12509.5,12570.0,12689.2998046875,56507.0,12640.2626953125
2019-09-16,12870.0,12511.900390625,12511.900390625,12841.0,48505.0,12791.376953125
2019-09-17,12790.0,12706.0,12760.0,12764.2001953125,70472.0,12714.8740234375
2019-09-18,12890.0,12650.0,12844.0,12869.0,44518.0,12819.2685546875
2019-09-19,12888.0,12635.0,12740.0,12694.900390625,77719.0,12645.841796875
2019-09-20,13629.5,12531.0,12745.0,13499.400390625,284070.0,13447.2333984375
2019-09-23,14117.2001953125,13601.7998046875,13700.0,13713.2001953125,138605.0,13660.20703125
2019-09-24,13800.0,13310.2001953125,13720.0,13430.7001953125,116332.0,13378.798828125
2019-09-25,13573.0,13305.099609375,13424.0,13458.5,83246.0,13406.4912109375
2019-09-26,14144.0,13525.0,13545.0,13934.599609375,897253.0,13880.7509765625
2019-09-27,13898.2001953125,13600.0,13840.0,13740.900390625,110119.0,13687.7998046875
2019-09-30,13992.0,13680.0,13740.099609375,13889.7001953125,96499.0,13836.0244140625
2019-10-01,13947.0,13649.900390625,13889.0,13681.5,83545.0,13628.62890625
2019-10-03,13749.599609375,13566.0,13680.0,13709.7998046875,40894.0,13656.8193359375
2019-10-04,13792.0,13335.900390625,13792.0,13441.0,91909.0,13389.05859375
2019-10-07,13698.0,13460.0,13508.2001953125,13603.2998046875,42763.0,13550.7314453125
2019-10-09,13910.0,13510.0,13645.0,13858.2998046875,93577.0,13804.74609375
2019-10-10,13857.0,13680.0,13857.0,13819.7998046875,27905.0,13766.39453125
2019-10-11,14075.0,13819.7998046875,13819.7998046875,14032.400390625,61075.0,13978.173828125
2019-10-14,14215.0,13950.0,14135.0,14169.0,70672.0,14114.2451171875
2019-10-15,14205.0,14036.0,14152.099609375,14086.7998046875,97808.0,14032.3623046875
2019-10-16,14403.5,14080.0,14099.900390625,14351.5,67279.0,14296.0400390625
2019-10-17,14630.2998046875,14160.0,14383.0,14516.7998046875,114493.0,14460.701171875
2019-10-18,14943.2998046875,14403.2998046875,14519.099609375,14835.5,121565.0,14778.169921875
2019-10-22,15111.0,14836.0,14888.0,15020.0,138011.0,14961.95703125
2019-10-23,15125.7998046875,14916.2001953125,15091.0,14983.0,58986.0,14925.099609375
2019-10-24,15048.0,14625.7998046875,15019.0,14666.0,114813.0,14609.32421875
2019-10-25,14900.0,14461.2998046875,14779.0,14803.2998046875,131479.0,14746.09375
2019-10-29,14868.0,14510.0,14868.0,14699.7998046875,99038.0,14642.994140625
2019-10-30,14998.900390625,14750.2998046875,14887.0,14967.7998046875,58061.0,14909.9580078125
2019-10-31,15146.900390625,14783.7998046875,14970.0,14947.0,80261.0,14889.23828125
2019-11-01,15069.599609375,14850.2998046875,14947.0,14959.7998046875,49392.0,14901.9892578125
2019-11-04,15091.7001953125,14801.099609375,14988.400390625,14813.2998046875,39581.0,14756.0556640625
2019-11-05,14885.0,14605.400390625,14840.0,14650.2001953125,83265.0,14593.5859375
2019-11-06,14821.0,14588.7001953125,14675.0,14649.7001953125,78659.0,14593.087890625
2019-11-07,14790.0,14551.0,14710.0,14711.2001953125,47438.0,14654.3505859375
2019-11-08,14850.0,14374.0,14750.0,14471.2998046875,82029.0,14415.376953125
2019-11-11,14599.900390625,14051.099609375,14490.0,14108.5,145341.0,14053.9794921875
2019-11-13,14329.599609375,14070.2001953125,14108.5,14233.2001953125,66651.0,14178.197265625
2019-11-14,14301.0,14100.0,14250.0,14231.2998046875,60476.0,14176.3046875
2019-11-15,14437.0,14153.0,14261.7998046875,14295.5,75837.0,14240.2568359375
2019-11-18,14349.900390625,14059.0,14349.900390625,14085.5,64978.0,14031.068359375
2019-11-19,14211.900390625,14009.599609375,14110.0,14117.099609375,44787.0,14062.544921875
2019-11-20,14289.0,13982.5,14117.0,14228.7001953125,79418.0,14173.71484375
2019-11-21,14280.2001953125,14121.099609375,14240.0,14179.5,40484.0,14124.705078125
2019-11-22,14301.0,14102.0,14190.0,14171.5,43132.0,14116.7353515625
2019-11-25,14580.0,14155.0,14248.2001953125,14486.7998046875,74577.0,14430.8173828125
2019-11-26,14600.0,14225.5,14398.7998046875,14524.400390625,199248.0,14468.2724609375
2019-11-27,14700.0,14226.7998046875,14560.0,14562.7001953125,71919.0,14506.423828125
2019-11-28,14700.0,14574.0,14635.5,14659.5,45678.0,14602.849609375
2019-11-29,14699.0,14411.0,14699.0,14454.0,46873.0,14398.1435546875
2019-12-02,14631.2998046875,14285.900390625,14454.0,14557.7001953125,74954.0,14501.443359375
2019-12-03,14553.2998046875,14305.7998046875,14553.2998046875,14353.5,54872.0,14298.0322265625
2019-12-04,14375.0,14201.0,14330.0,14306.2001953125,55888.0,14250.9150390625
2019-12-05,14395.7001953125,14220.0,14395.7001953125,14289.7001953125,79335.0,14234.478515625
2019-12-06,14324.2998046875,14149.0,14301.0,14166.2998046875,58487.0,14111.5556640625
2019-12-09,14269.0,14005.0,14230.0,14232.5,97712.0,14177.5
2019-12-10,14243.0,14031.7001953125,14224.0,14091.7001953125,61800.0,14091.7001953125
2019-12-11,14156.0,14010.0,14109.0,14066.0,48306.0,14066.0
2019-12-12,14232.7001953125,14077.099609375,14077.099609375,14155.0,66841.0,14155.0
2019-12-13,14389.5,14011.0,14190.0,14301.599609375,156050.0,14301.599609375
2019-12-16,14430.599609375,14137.0,14260.0,14151.7001953125,67072.0,14151.7001953125
2019-12-17,14247.099609375,14081.0,14214.900390625,14149.2001953125,81425.0,14149.2001953125
2019-12-18,14280.0,14055.400390625,14200.0,14191.099609375,93716.0,14191.099609375
2019-12-19,14299.0,14100.0,14192.0,14285.400390625,68692.0,14285.400390625
2019-12-20,14978.0,14222.0,14260.0,14858.2001953125,423033.0,14858.2001953125
2019-12-23,14993.2998046875,14490.0,14786.0,14532.5,125031.0,14532.5
2019-12-24,14623.2001953125,14461.7998046875,14580.0,14586.0,39686.0,14586.0
2019-12-26,14715.0,14560.0,14600.0,14599.2001953125,45924.0,14599.2001953125
2019-12-27,14689.7001953125,14574.5,14648.7998046875,14664.2001953125,29385.0,14664.2001953125
2019-12-30,14900.0,14600.099609375,14679.900390625,14851.900390625,87720.0,14851.900390625
2019-12-31,14924.2998046875,14710.0,14864.0,14785.2998046875,62765.0,14785.2998046875
